hbm_id,cycles,mem_cycles,avg_latency,repair_none,repair_layer_a,repair_layer_b,repair_layer_c,repair_layer_d,total_repaired,K,bad_banks,ded_rows
0,3695363.0,3695905.0,26.10206865625,586896,0,76,1,0,77,0,0,699
1,3695297.0,3695889.0,26.1012622125,579150,1,39,1,7782,7823,228,7,679
2,3695312.0,3695904.0,26.101058125,583463,0,47,2,3461,3510,97,3,655
3,3695363.0,3695905.0,26.10206865625,586931,0,40,2,0,42,0,0,668
4,3695276.0,3695892.0,26.1011871125,581299,3,54,1,5616,5674,162,5,673
5,3695320.0,3695879.0,26.1013729375,576513,0,52,1,10407,10460,294,9,707
6,3695319.0,3695898.0,26.10124635,574158,0,52,4,12759,12815,360,11,649
7,3695332.0,3695885.0,26.1011224875,583389,0,56,0,3528,3584,97,3,658
8,3695322.0,3695902.0,26.1014448375,583549,2,42,0,3380,3424,97,3,654
9,3695314.0,3695890.0,26.10116398125,572112,0,57,1,14803,14861,427,13,635
10,3695363.0,3695905.0,26.10206865625,586922,0,50,1,0,51,0,0,690
11,3695363.0,3695905.0,26.10206865625,586924,1,47,1,0,49,0,0,636
12,3695303.0,3695905.0,26.1014198125,576518,0,47,4,10404,10455,294,9,699
13,3695335.0,3695899.0,26.10125146875,582252,0,55,2,4664,4721,130,4,660
15,3695342.0,3695900.0,26.101565,574673,0,41,1,12258,12300,360,11,632
16,3695330.0,3695904.0,26.10146058125,585795,0,54,0,1124,1178,33,1,684
17,3695321.0,3695884.0,26.1015374625,578997,0,67,4,7905,7976,228,7,671
18,3695294.0,3695889.0,26.10109293125,570877,0,41,2,16053,16096,461,14,643
19,3695318.0,3695896.0,26.1013641375,577770,1,55,1,9146,9203,261,8,692
20,3695293.0,3695880.0,26.101331225,582527,0,41,1,4404,4446,130,4,680
21,3695327.0,3695905.0,26.1012015375,584480,0,46,1,2446,2493,65,2,664
22,3695363.0,3695905.0,26.10206865625,586936,1,35,1,0,37,0,0,669
23,3695363.0,3695905.0,26.10206865625,586920,1,52,0,0,53,0,0,717
24,3695305.0,3695876.0,26.1011433625,577615,0,52,0,9306,9358,261,8,670
25,3695314.0,3695896.0,26.10137651875,573827,2,52,0,13092,13146,360,11,652
26,3695303.0,3695892.0,26.1012960625,584571,0,48,1,2353,2402,65,2,702
27,3695326.0,3695890.0,26.101156,572235,0,46,2,14690,14738,427,13,652
28,3695339.0,3695908.0,26.10113190625,575374,2,41,0,11556,11599,327,10,662
29,3695308.0,3695888.0,26.101302625,572017,1,58,2,14895,14956,427,13,668
30,3695294.0,3695900.0,26.10124205,585710,0,54,0,1209,1263,33,1,684
31,3695363.0,3695905.0,26.10206865625,586929,1,43,0,0,44,0,0,639
32,3695302.0,3695891.0,26.10121714375,572049,2,42,2,14878,14924,427,13,654
33,3695302.0,3695892.0,26.10140825625,579074,1,44,1,7853,7899,228,7,672
34,3695341.0,3695903.0,26.1014310125,571047,0,42,0,15884,15926,461,14,650
35,3695363.0,3695905.0,26.10206865625,586918,0,51,4,0,55,0,0,714
36,3695327.0,3695887.0,26.10128474375,582295,0,61,2,4615,4678,130,4,648
37,3695363.0,3695905.0,26.10206865625,586927,0,45,1,0,46,0,0,672
38,3695318.0,3695887.0,26.101237525,576716,0,46,1,10210,10257,294,9,680
39,3695326.0,3695890.0,26.10115026875,583465,1,22,0,3485,3508,97,3,683
40,3695328.0,3695901.0,26.1011958,583567,1,62,3,3340,3406,97,3,624
41,3695363.0,3695905.0,26.10206865625,586927,0,44,2,0,46,0,0,687
42,3695363.0,3695905.0,26.10206865625,586929,1,42,1,0,44,0,0,721
43,3695322.0,3695887.0,26.10113228125,584753,0,47,0,2173,2220,65,2,686
44,3695300.0,3695862.0,26.10124098125,577954,0,59,2,8958,9019,261,8,683
45,3695363.0,3695905.0,26.10206865625,586922,3,47,1,0,51,0,0,655
46,3695311.0,3695901.0,26.10136531875,579853,2,49,2,7067,7120,195,6,680
47,3695301.0,3695892.0,26.10132599375,578724,1,48,0,8200,8249,228,7,674
48,3695300.0,3695896.0,26.10104990625,578670,0,60,1,8242,8303,228,7,678
50,3695330.0,3695899.0,26.10125768125,571003,2,42,2,15924,15970,461,14,626
51,3695298.0,3695890.0,26.10115396875,572271,0,62,4,14636,14702,427,13,669
52,3695283.0,3695893.0,26.1011357125,571172,1,40,4,15756,15801,461,14,661
53,3695323.0,3695886.0,26.1010011375,583455,0,47,1,3470,3518,97,3,658
54,3695363.0,3695905.0,26.10206865625,586907,0,64,2,0,66,0,0,668
55,3695308.0,3695897.0,26.10126745625,576371,0,41,0,10561,10602,294,9,673
56,3695363.0,3695905.0,26.10206865625,586910,0,62,1,0,63,0,0,651
57,3695358.0,3695898.0,26.10145460625,583666,0,59,2,3246,3307,97,3,666
58,3695363.0,3695905.0,26.10206865625,586932,1,39,1,0,41,0,0,704
59,3695340.0,3695902.0,26.1011889,585623,0,44,4,1302,1350,33,1,702
60,3695321.0,3695898.0,26.1011536125,575719,2,63,1,11188,11254,327,10,686
61,3695323.0,3695886.0,26.10133981875,585830,2,44,5,1092,1143,33,1,664
62,3695320.0,3695891.0,26.100925450000002,572935,0,59,2,13977,14038,394,12,670
63,3695281.0,3695889.0,26.1012865375,582350,0,43,4,4576,4623,130,4,669
64,3695294.0,3695887.0,26.10132063125,579801,0,52,4,7116,7172,195,6,686
65,3695340.0,3695907.0,26.10129594375,579100,2,37,2,7832,7873,228,7,672
66,3695338.0,3695897.0,26.10122466875,571094,0,48,0,15831,15879,461,14,660
67,3695267.0,3695871.0,26.10107338125,583459,0,47,0,3467,3514,97,3,656
68,3695308.0,3695895.0,26.10122489375,585746,0,48,2,1177,1227,33,1,685
70,3695348.0,3695907.0,26.10141086875,573303,0,40,3,13627,13670,394,12,634
71,3695282.0,3695882.0,26.1010358375,572025,0,52,3,14893,14948,427,13,659
72,3695317.0,3695896.0,26.10107088125,584657,0,44,0,2272,2316,65,2,644
73,3695363.0,3695905.0,26.10206865625,586927,0,45,1,0,46,0,0,674
74,3695331.0,3695901.0,26.10118090625,574418,2,46,0,12507,12555,360,11,660
75,3695363.0,3695905.0,26.10206865625,586915,0,58,0,0,58,0,0,668
76,3695336.0,3695900.0,26.10138166875,582307,2,46,0,4618,4666,130,4,693
77,3695363.0,3695905.0,26.10206865625,586925,2,42,4,0,48,0,0,659
78,3695300.0,3695879.0,26.10124230625,575722,0,55,0,11196,11251,327,10,671
79,3695317.0,3695889.0,26.10129201875,571975,0,45,3,14950,14998,427,13,634
80,3695331.0,3695894.0,26.1012707875,574247,1,58,2,12665,12726,360,11,662
81,3695319.0,3695896.0,26.101056225,577761,0,42,1,9169,9212,261,8,686
82,3695288.0,3695882.0,26.10123395,569567,3,52,2,17349,17406,495,15,637
83,3695341.0,3695904.0,26.10140703125,585751,2,48,2,1170,1222,33,1,721
84,3695336.0,3695895.0,26.1013462625,577459,0,43,1,9470,9514,261,8,643
85,3695363.0,3695905.0,26.10206865625,586909,0,64,0,0,64,0,0,708
86,3695337.0,3695907.0,26.10148811875,573279,0,43,2,13649,13694,394,12,655
87,3695338.0,3695898.0,26.10137093125,583329,0,39,3,3602,3644,97,3,649
88,3695323.0,3695904.0,26.1011787625,578859,0,41,2,8071,8114,228,7,636
89,3695332.0,3695893.0,26.1013366,576878,1,41,2,10051,10095,294,9,671
90,3695335.0,3695898.0,26.1011563375,576508,0,47,0,10418,10465,294,9,664
91,3695363.0,3695905.0,26.10206865625,586922,0,49,2,0,51,0,0,693
92,3695363.0,3695905.0,26.10206865625,586922,1,49,1,0,51,0,0,714
93,3695348.0,3695900.0,26.101275556250002,579943,1,54,4,6971,7030,195,6,644
94,3695295.0,3695885.0,26.10125506875,585810,0,46,1,1116,1163,33,1,669
95,3695349.0,3695899.0,26.10152195625,582307,0,48,0,4618,4666,130,4,683
96,3695318.0,3695896.0,26.100939750000002,580978,0,36,2,5957,5995,162,5,656
97,3695314.0,3695886.0,26.10119605,574155,0,57,3,12758,12818,360,11,703
98,3695340.0,3695896.0,26.10132168125,582444,0,39,1,4489,4529,130,4,653
99,3695313.0,3695871.0,26.101218225,573741,0,42,0,13190,13232,394,12,656
100,3695363.0,3695905.0,26.10206865625,586922,0,49,2,0,51,0,0,730
101,3695334.0,3695906.0,26.10125314375,581239,0,56,1,5677,5734,162,5,664
102,3695304.0,3695888.0,26.1013522125,570589,0,60,0,16324,16384,461,14,712
103,3695326.0,3695904.0,26.10124205625,576669,0,34,0,10270,10304,294,9,674
104,3695285.0,3695883.0,26.1014002625,585719,1,44,4,1205,1254,33,1,708
105,3695328.0,3695894.0,26.10120475625,575206,6,59,2,11700,11767,327,10,698
106,3695283.0,3695880.0,26.1011943875,580043,2,49,1,6878,6930,195,6,715
108,3695270.0,3695890.0,26.10128165,585864,0,37,3,1069,1109,33,1,687
109,3695363.0,3695905.0,26.10206865625,586920,0,52,1,0,53,0,0,689
110,3695326.0,3695900.0,26.10150288125,583643,0,65,1,3264,3330,97,3,707
111,3695363.0,3695905.0,26.10206865625,586928,1,42,2,0,45,0,0,667
112,3695327.0,3695905.0,26.10155165625,585797,1,32,2,1141,1176,33,1,655
113,3695363.0,3695905.0,26.10206865625,586927,0,46,0,0,46,0,0,673
114,3695363.0,3695905.0,26.10206865625,586905,0,66,2,0,68,0,0,677
115,3695305.0,3695874.0,26.10141444375,574492,1,53,2,12425,12481,360,11,699
116,3695289.0,3695904.0,26.10108040625,580794,3,38,5,6133,6179,162,5,691
117,3695363.0,3695905.0,26.10206865625,586932,0,39,2,0,41,0,0,681
118,3695363.0,3695905.0,26.10206865625,586923,0,48,2,0,50,0,0,717
119,3695337.0,3695908.0,26.10142898125,585886,3,52,1,1031,1087,33,1,703
120,3695291.0,3695890.0,26.10092306875,583549,0,55,1,3368,3424,97,3,685
121,3695304.0,3695899.0,26.10117019375,578712,2,48,0,8211,8261,228,7,704
122,3695363.0,3695905.0,26.10206865625,586917,1,51,4,0,56,0,0,694
123,3695363.0,3695905.0,26.10206865625,586926,0,46,1,0,47,0,0,665
124,3695327.0,3695905.0,26.1012256125,582345,0,39,1,4588,4628,130,4,641
125,3695307.0,3695866.0,26.1010217625,572105,0,59,0,14809,14868,427,13,701
126,3695363.0,3695905.0,26.10206865625,586929,0,41,3,0,44,0,0,688
127,3695314.0,3695875.0,26.10117781875,570100,0,32,0,16841,16873,495,15,656
128,3695363.0,3695905.0,26.10206865625,586935,0,38,0,0,38,0,0,646
129,3695363.0,3695905.0,26.10206865625,586934,0,38,1,0,39,0,0,669
130,3695279.0,3695870.0,26.10113119375,581185,0,50,1,5737,5788,162,5,636
131,3695342.0,3695902.0,26.10110415,585731,0,41,2,1199,1242,33,1,679
132,3695282.0,3695881.0,26.101099375,585723,0,57,1,1192,1250,33,1,661
133,3695321.0,3695903.0,26.1014102625,583490,0,37,1,3445,3483,97,3,687
134,3695363.0,3695905.0,26.10206865625,586924,1,47,1,0,49,0,0,669
135,3695339.0,3695898.0,26.10111379375,577601,2,55,0,9315,9372,261,8,679
136,3695340.0,3695900.0,26.10118543125,584673,0,58,2,2240,2300,65,2,703
137,3695363.0,3695905.0,26.10206865625,586919,0,49,5,0,54,0,0,697
138,3695335.0,3695902.0,26.10130655,578716,0,47,0,8210,8257,228,7,655
139,3695320.0,3695893.0,26.10114705625,576551,0,50,5,10367,10422,294,9,681
140,3695328.0,3695905.0,26.10134111875,584554,0,43,1,2375,2419,65,2,669
141,3695363.0,3695905.0,26.10206865625,586916,0,56,1,0,57,0,0,701
142,3695335.0,3695902.0,26.10118316875,582584,0,48,2,4339,4389,130,4,690
143,3695323.0,3695906.0,26.10127353125,582207,0,41,1,4724,4766,130,4,642
144,3695324.0,3695905.0,26.10152328125,580105,1,37,3,6827,6868,195,6,678
145,3695363.0,3695905.0,26.10206865625,586929,1,43,0,0,44,0,0,691
146,3695363.0,3695905.0,26.10206865625,586916,0,56,1,0,57,0,0,678
147,3695306.0,3695906.0,26.10108839375,578627,0,35,2,8309,8346,228,7,639
148,3695331.0,3695904.0,26.1014336375,579605,0,40,0,7328,7368,195,6,673
149,3695337.0,3695906.0,26.1015144625,576351,7,47,1,10567,10622,294,9,701
150,3695322.0,3695883.0,26.10112953125,569547,0,40,1,17385,17426,495,15,647
151,3695288.0,3695886.0,26.10103500625,585780,0,39,2,1152,1193,33,1,670
152,3695363.0,3695905.0,26.10206865625,586909,2,60,2,0,64,0,0,680
153,3695314.0,3695888.0,26.10115135,580107,0,42,2,6822,6866,195,6,643
154,3695363.0,3695905.0,26.10206865625,586926,1,44,2,0,47,0,0,678
155,3695338.0,3695898.0,26.101307975,585690,0,39,3,1241,1283,33,1,679
156,3695328.0,3695898.0,26.10127578125,569885,1,47,0,17040,17088,495,15,638
157,3695256.0,3695869.0,26.101066468750002,579758,3,64,2,7146,7215,195,6,707
158,3695336.0,3695902.0,26.1012344375,584692,3,45,0,2233,2281,65,2,694
159,3695332.0,3695900.0,26.10141503125,574056,1,65,1,12850,12917,360,11,644
160,3695315.0,3695897.0,26.1012529,578946,0,59,1,7967,8027,228,7,651
161,3695350.0,3695896.0,26.1013222875,579977,0,46,2,6948,6996,195,6,682
162,3695329.0,3695898.0,26.10136245,582319,2,40,3,4609,4654,130,4,664
163,3695313.0,3695892.0,26.10128164375,585766,0,38,0,1169,1207,33,1,679
164,3695363.0,3695905.0,26.10206865625,586919,0,52,2,0,54,0,0,684
165,3695315.0,3695892.0,26.10144221875,575655,0,41,2,11275,11318,327,10,685
166,3695363.0,3695905.0,26.10206865625,586912,0,61,0,0,61,0,0,711
167,3695363.0,3695905.0,26.10206865625,586922,0,49,2,0,51,0,0,664
168,3695363.0,3695905.0,26.10206865625,586923,1,48,1,0,50,0,0,647
169,3695304.0,3695873.0,26.1013621,584704,2,38,0,2229,2269,65,2,689
170,3695363.0,3695905.0,26.10206865625,586915,0,58,0,0,58,0,0,694
171,3695313.0,3695899.0,26.101271525,582324,0,42,1,4606,4649,130,4,699
172,3695337.0,3695902.0,26.10126184375,580365,0,41,1,6566,6608,195,6,663
173,3695330.0,3695905.0,26.10134303125,572044,0,39,4,14886,14929,427,13,675
174,3695308.0,3695899.0,26.1013531625,574565,0,41,2,12365,12408,360,11,685
175,3695363.0,3695905.0,26.10206865625,586923,0,49,1,0,50,0,0,664
176,3695301.0,3695890.0,26.10115146875,574579,0,66,1,12327,12394,360,11,681
177,3695347.0,3695896.0,26.10144305,574349,1,51,1,12571,12624,360,11,696
178,3695363.0,3695905.0,26.10206865625,586929,0,38,6,0,44,0,0,666
179,3695363.0,3695905.0,26.10206865625,586919,0,52,2,0,54,0,0,652
180,3695337.0,3695894.0,26.101370218750002,573270,5,49,1,13648,13703,394,12,675
181,3695290.0,3695900.0,26.101216075,585698,0,49,0,1226,1275,33,1,655
182,3695324.0,3695902.0,26.10148321875,577941,1,51,1,8979,9032,261,8,667
183,3695262.0,3695892.0,26.10135566875,576487,2,38,0,10446,10486,294,9,686
184,3695363.0,3695905.0,26.10206865625,586937,0,35,1,0,36,0,0,695
185,3695330.0,3695897.0,26.101508850000002,580132,0,43,1,6797,6841,195,6,659
186,3695363.0,3695905.0,26.10206865625,586930,0,42,1,0,43,0,0,706
187,3695273.0,3695899.0,26.101208675,582346,6,55,1,4565,4627,130,4,704
188,3695313.0,3695888.0,26.1009695625,580034,0,49,1,6889,6939,195,6,691
189,3695331.0,3695888.0,26.101333375,576512,0,49,0,10412,10461,294,9,690
190,3695335.0,3695892.0,26.10130011875,581257,0,52,0,5664,5716,162,5,662
191,3695305.0,3695900.0,26.1014457875,579741,0,66,3,7163,7232,195,6,664
192,3695363.0,3695905.0,26.10206865625,586933,0,39,1,0,40,0,0,698
193,3695323.0,3695885.0,26.10134041875,583478,0,37,2,3456,3495,97,3,701
194,3695363.0,3695905.0,26.10206865625,586924,0,48,1,0,49,0,0,673
195,3695322.0,3695894.0,26.10120463125,570987,0,51,0,15935,15986,461,14,682
196,3695323.0,3695899.0,26.10108828125,577841,0,44,2,9086,9132,261,8,699
197,3695308.0,3695879.0,26.10115431875,583461,2,53,1,3456,3512,97,3,684
198,3695363.0,3695905.0,26.10206865625,586920,2,49,2,0,53,0,0,684
199,3695363.0,3695905.0,26.10206865625,586920,1,51,1,0,53,0,0,722
200,3695349.0,3695902.0,26.101559275,585632,0,60,1,1280,1341,33,1,705
201,3695313.0,3695883.0,26.10134254375,575519,0,67,1,11386,11454,327,10,696
202,3695363.0,3695905.0,26.10206865625,586924,0,48,1,0,49,0,0,676
203,3695355.0,3695904.0,26.10131370625,579046,0,37,1,7889,7927,228,7,644
204,3695312.0,3695896.0,26.10089694375,585750,0,45,1,1177,1223,33,1,682
205,3695273.0,3695901.0,26.101369724999998,581206,0,59,2,5706,5767,162,5,678
206,3695343.0,3695901.0,26.101336831250002,585843,5,56,2,1067,1130,33,1,690
207,3695363.0,3695905.0,26.10206865625,586922,0,49,2,0,51,0,0,664
208,3695363.0,3695905.0,26.10206865625,586930,0,37,6,0,43,0,0,671
209,3695338.0,3695903.0,26.10136783125,584681,0,53,5,2234,2292,65,2,701
210,3695329.0,3695905.0,26.1011956875,573349,1,54,0,13569,13624,394,12,623
211,3695363.0,3695905.0,26.10206865625,586916,0,57,0,0,57,0,0,724
212,3695363.0,3695905.0,26.10206865625,586928,0,43,2,0,45,0,0,686
213,3695345.0,3695899.0,26.10156571875,585804,2,42,4,1121,1169,33,1,656
214,3695345.0,3695906.0,26.10121465,585881,0,49,2,1041,1092,33,1,695
215,3695304.0,3695894.0,26.10115861875,576430,1,45,1,10496,10543,294,9,654
216,3695326.0,3695902.0,26.10122596875,583476,0,37,3,3457,3497,97,3,707
217,3695288.0,3695882.0,26.10123228125,583313,0,61,3,3596,3660,97,3,698
218,3695363.0,3695905.0,26.10206865625,586917,1,54,1,0,56,0,0,686
219,3695340.0,3695902.0,26.10123146875,585717,0,45,1,1210,1256,33,1,706
220,3695363.0,3695905.0,26.10206865625,586931,0,41,1,0,42,0,0,710
221,3695363.0,3695905.0,26.10206865625,586926,1,43,3,0,47,0,0,668
222,3695329.0,3695899.0,26.101447574999998,584739,0,39,1,2194,2234,65,2,675
223,3695324.0,3695897.0,26.10135900625,584573,1,43,1,2355,2400,65,2,689
224,3695286.0,3695863.0,26.10130560625,585778,0,39,0,1156,1195,33,1,636
225,3695302.0,3695884.0,26.10125946875,579928,0,46,0,6999,7045,195,6,674
226,3695319.0,3695896.0,26.101284625,581168,1,37,4,5763,5805,162,5,677
227,3695338.0,3695901.0,26.101379143750002,579889,0,33,4,7047,7084,195,6,668
228,3695340.0,3695891.0,26.10160731875,576338,0,55,1,10579,10635,294,9,665
229,3695363.0,3695905.0,26.10206865625,586924,0,48,1,0,49,0,0,647
230,3695343.0,3695901.0,26.101425175,575270,2,61,3,11637,11703,327,10,659
231,3695333.0,3695895.0,26.10131369375,576926,1,42,2,10002,10047,294,9,658
232,3695363.0,3695905.0,26.10206865625,586936,0,36,1,0,37,0,0,702
233,3695363.0,3695905.0,26.10206865625,586921,0,51,1,0,52,0,0,689
234,3695363.0,3695905.0,26.10206865625,586919,0,54,0,0,54,0,0,690
235,3695333.0,3695902.0,26.10135890625,585874,0,39,0,1060,1099,33,1,673
236,3695329.0,3695892.0,26.10110425625,585793,0,46,2,1132,1180,33,1,698
237,3695363.0,3695905.0,26.10206865625,586925,0,48,0,0,48,0,0,659
238,3695363.0,3695905.0,26.10206865625,586914,2,56,1,0,59,0,0,687
239,3695277.0,3695865.0,26.1011447875,581276,1,51,0,5645,5697,162,5,674
240,3695318.0,3695893.0,26.10143388125,585872,2,39,5,1055,1101,33,1,677
241,3695363.0,3695905.0,26.10206865625,586923,1,45,4,0,50,0,0,671
242,3695347.0,3695897.0,26.1015455625,583352,2,52,0,3567,3621,97,3,659
243,3695284.0,3695898.0,26.1012572,585795,0,36,1,1141,1178,33,1,641
244,3695339.0,3695897.0,26.101255175,585728,0,53,5,1187,1245,33,1,667
245,3695302.0,3695898.0,26.10117065,583563,0,53,1,3356,3410,97,3,659
246,3695363.0,3695905.0,26.10206865625,586921,0,50,2,0,52,0,0,688
247,3695363.0,3695905.0,26.10206865625,586922,1,49,1,0,51,0,0,641
248,3695274.0,3695847.0,26.1009788625,577526,0,44,3,9400,9447,261,8,692
249,3695363.0,3695905.0,26.10206865625,586925,0,48,0,0,48,0,0,646
250,3695305.0,3695890.0,26.101247675,581165,1,54,3,5750,5808,162,5,709
251,3695294.0,3695898.0,26.101154675,585801,0,63,2,1107,1172,33,1,676
252,3695301.0,3695891.0,26.10111951875,580311,0,52,0,6610,6662,195,6,682
253,3695337.0,3695894.0,26.10136210625,576391,0,43,3,10536,10582,294,9,658
254,3695363.0,3695905.0,26.10206865625,586918,0,55,0,0,55,0,0,684
255,3695363.0,3695905.0,26.10206865625,586913,0,60,0,0,60,0,0,715
256,3695363.0,3695905.0,26.10206865625,586918,1,50,4,0,55,0,0,679
257,3695363.0,3695905.0,26.10206865625,586936,0,35,2,0,37,0,0,693
258,3695326.0,3695898.0,26.101277475,585752,3,51,0,1167,1221,33,1,745
259,3695363.0,3695905.0,26.10206865625,586925,1,44,3,0,48,0,0,685
260,3695363.0,3695905.0,26.10206865625,586928,0,42,3,0,45,0,0,636
261,3695363.0,3695905.0,26.10206865625,586926,0,47,0,0,47,0,0,673
262,3695373.0,3695906.0,26.10154068125,572509,0,45,0,14419,14464,427,13,705
263,3695330.0,3695896.0,26.1014370875,578024,0,55,0,8894,8949,261,8,687
264,3695322.0,3695897.0,26.1012290625,580131,1,32,0,6809,6842,195,6,649
265,3695363.0,3695905.0,26.10206865625,586926,0,43,4,0,47,0,0,660
266,3695330.0,3695895.0,26.1011889,577985,2,46,2,8938,8988,261,8,672
267,3695320.0,3695890.0,26.10134948125,583495,0,36,0,3442,3478,97,3,635
268,3695315.0,3695882.0,26.10130524375,585705,0,47,0,1221,1268,33,1,663
269,3695292.0,3695877.0,26.10109055625,582458,1,67,0,4447,4515,130,4,664
270,3695306.0,3695900.0,26.10130023125,584617,0,49,1,2306,2356,65,2,679
271,3695317.0,3695891.0,26.10126245625,576548,1,35,2,10387,10425,294,9,631
272,3695363.0,3695905.0,26.10206865625,586923,0,49,1,0,50,0,0,661
273,3695330.0,3695900.0,26.1010280875,577727,3,56,0,9187,9246,261,8,685
274,3695315.0,3695891.0,26.101306918749998,584478,0,55,2,2438,2495,65,2,681
275,3695335.0,3695894.0,26.101018425,584679,0,43,0,2251,2294,65,2,667
276,3695326.0,3695898.0,26.101277475,585747,0,57,2,1167,1226,33,1,694
277,3695363.0,3695905.0,26.10206865625,586925,0,46,2,0,48,0,0,698
278,3695322.0,3695896.0,26.1013112,585883,0,55,2,1033,1090,33,1,686
279,3695338.0,3695900.0,26.10124634375,585812,0,48,3,1110,1161,33,1,665
280,3695363.0,3695905.0,26.10206865625,586916,0,55,2,0,57,0,0,661
281,3695327.0,3695901.0,26.10140526875,571781,2,45,1,15144,15192,427,13,660
282,3695316.0,3695892.0,26.1012251375,571173,0,39,4,15757,15800,461,14,687
283,3695276.0,3695849.0,26.10095523125,585828,0,66,1,1078,1145,33,1,656
284,3695325.0,3695896.0,26.101107475,569536,4,50,5,17378,17437,495,15,662
285,3695323.0,3695899.0,26.10104000625,584598,0,42,3,2330,2375,65,2,705
286,3695303.0,3695870.0,26.10131501875,585824,0,53,2,1094,1149,33,1,666
287,3695313.0,3695868.0,26.10099960625,580206,3,38,0,6726,6767,195,6,692
288,3695337.0,3695889.0,26.1012611375,577638,0,48,4,9283,9335,261,8,641
289,3695326.0,3695898.0,26.101277475,585755,0,48,3,1167,1218,33,1,684
290,3695351.0,3695906.0,26.1014071625,585872,4,53,0,1044,1101,33,1,702
291,3695297.0,3695896.0,26.1010905375,581226,1,41,4,5701,5747,162,5,688
292,3695291.0,3695885.0,26.10119688125,581378,0,46,1,5548,5595,162,5,666
293,3695333.0,3695901.0,26.1014986,585864,3,56,1,1049,1109,33,1,678
294,3695363.0,3695905.0,26.10206865625,586923,1,44,5,0,50,0,0,658
295,3695363.0,3695905.0,26.10206865625,586935,0,37,1,0,38,0,0,630
296,3695363.0,3695905.0,26.10206865625,586925,0,48,0,0,48,0,0,719
297,3695320.0,3695893.0,26.10137175625,581310,2,43,1,5617,5663,162,5,645
298,3695286.0,3695863.0,26.10130560625,585768,0,48,1,1156,1205,33,1,717
299,3695343.0,3695905.0,26.101254224999998,578819,0,42,1,8111,8154,228,7,706
300,3695323.0,3695900.0,26.10120904375,584737,1,51,1,2183,2236,65,2,681
301,3695363.0,3695905.0,26.10206865625,586923,0,47,3,0,50,0,0,679
302,3695277.0,3695867.0,26.10095453125,583549,0,50,1,3373,3424,97,3,630
303,3695335.0,3695900.0,26.101351275,578857,1,51,1,8063,8116,228,7,660
304,3695300.0,3695895.0,26.10120678125,571967,1,52,2,14951,15006,427,13,664
305,3695353.0,3695900.0,26.10151375,585694,2,36,2,1239,1279,33,1,667
306,3695363.0,3695905.0,26.10206865625,586925,0,43,5,0,48,0,0,693
307,3695315.0,3695882.0,26.10125018125,573198,0,52,0,13723,13775,394,12,712
308,3695316.0,3695878.0,26.10120678125,577832,0,37,2,9102,9141,261,8,682
309,3695363.0,3695905.0,26.10206865625,586926,2,43,2,0,47,0,0,696
310,3695342.0,3695897.0,26.101521124999998,585817,0,46,0,1110,1156,33,1,667
311,3695333.0,3695901.0,26.10116911875,579036,0,55,3,7879,7937,228,7,660
312,3695338.0,3695907.0,26.10128080625,583529,1,61,0,3382,3444,97,3,679
313,3695363.0,3695905.0,26.10206865625,586911,1,56,5,0,62,0,0,655
314,3695363.0,3695905.0,26.10206865625,586928,5,39,1,0,45,0,0,663
315,3695341.0,3695896.0,26.101219175,575268,0,44,1,11660,11705,327,10,676
316,3695363.0,3695905.0,26.10206865625,586936,0,36,1,0,37,0,0,669
317,3695363.0,3695905.0,26.10206865625,586911,1,58,3,0,62,0,0,689
318,3695363.0,3695905.0,26.10206865625,586908,0,65,0,0,65,0,0,647
319,3695363.0,3695905.0,26.10206865625,586926,0,47,0,0,47,0,0,673
320,3695341.0,3695902.0,26.10126375625,579981,0,46,1,6945,6992,195,6,642
321,3695314.0,3695901.0,26.1014127625,579030,0,48,2,7893,7943,228,7,692
322,3695315.0,3695901.0,26.10101245625,585669,0,59,1,1244,1304,33,1,699
323,3695339.0,3695891.0,26.10152291875,583403,0,66,0,3504,3570,97,3,677
324,3695327.0,3695907.0,26.10112404375,582155,1,45,3,4769,4818,130,4,666
325,3695323.0,3695874.0,26.10147941875,582475,0,54,1,4443,4498,130,4,707
326,3695318.0,3695897.0,26.10135566875,576592,3,58,1,10319,10381,294,9,671
327,3695363.0,3695905.0,26.10206865625,586918,0,53,2,0,55,0,0,703
328,3695285.0,3695897.0,26.101283425,574623,0,49,2,12299,12350,360,11,669
329,3695323.0,3695902.0,26.101215475,580072,1,39,0,6861,6901,195,6,702
330,3695363.0,3695905.0,26.10206865625,586917,1,54,1,0,56,0,0,713
331,3695294.0,3695898.0,26.101154675,585829,0,37,0,1107,1144,33,1,663
332,3695315.0,3695896.0,26.10125576875,577631,0,53,2,9287,9342,261,8,702
333,3695306.0,3695888.0,26.10125171875,577791,0,60,3,9119,9182,261,8,677
334,3695339.0,3695902.0,26.10136998125,569799,0,52,0,17122,17174,495,15,672
335,3695363.0,3695905.0,26.10206865625,586926,0,46,1,0,47,0,0,701
336,3695363.0,3695905.0,26.10206865625,586927,2,43,1,0,46,0,0,670
337,3695363.0,3695905.0,26.10206865625,586924,2,46,1,0,49,0,0,656
338,3695363.0,3695905.0,26.10206865625,586924,0,49,0,0,49,0,0,677
339,3695363.0,3695905.0,26.10206865625,586933,0,39,1,0,40,0,0,669
340,3695363.0,3695905.0,26.10206865625,586920,0,51,2,0,53,0,0,676
341,3695363.0,3695905.0,26.10206865625,586936,1,35,1,0,37,0,0,684
342,3695363.0,3695905.0,26.10206865625,586931,3,37,2,0,42,0,0,683
343,3695339.0,3695898.0,26.10130215,585818,1,58,4,1092,1155,33,1,691
344,3695363.0,3695905.0,26.10206865625,586917,0,56,0,0,56,0,0,693
345,3695288.0,3695862.0,26.10113036875,583639,0,36,1,3297,3334,97,3,665
346,3695334.0,3695889.0,26.10143541875,583418,0,40,3,3512,3555,97,3,672
347,3695246.0,3695861.0,26.101077925,582243,0,39,3,4688,4730,130,4,652
348,3695305.0,3695900.0,26.10144400625,580092,0,46,3,6832,6881,195,6,680
349,3695291.0,3695877.0,26.101207975,584548,1,53,1,2370,2425,65,2,683
350,3695363.0,3695905.0,26.10206865625,586933,1,38,1,0,40,0,0,688
351,3695340.0,3695899.0,26.10141670625,579814,1,64,2,7092,7159,195,6,653
352,3695321.0,3695895.0,26.10129845,576811,0,43,0,10119,10162,294,9,651
353,3695343.0,3695899.0,26.10137665,579960,0,52,4,6957,7013,195,6,697
354,3695287.0,3695889.0,26.1013515,576834,0,28,2,10109,10139,294,9,675
355,3695352.0,3695899.0,26.10139573125,570944,2,42,1,15984,16029,461,14,665
356,3695349.0,3695896.0,26.1012941625,572896,0,56,3,14018,14077,394,12,643
357,3695332.0,3695895.0,26.101141575,583343,0,49,1,3580,3630,97,3,640
358,3695341.0,3695900.0,26.1012299,581236,2,42,1,5692,5737,162,5,677
359,3695310.0,3695888.0,26.101229418750002,585796,1,34,2,1140,1177,33,1,690
360,3695332.0,3695903.0,26.10116790625,583503,0,42,1,3427,3470,97,3,652
361,3695363.0,3695905.0,26.10206865625,586924,0,45,4,0,49,0,0,661
362,3695363.0,3695905.0,26.10206865625,586931,0,38,4,0,42,0,0,656
363,3695297.0,3695868.0,26.1013414875,583684,0,38,3,3248,3289,97,3,668
364,3695322.0,3695891.0,26.10141135,582476,3,44,3,4447,4497,130,4,691
365,3695363.0,3695905.0,26.10206865625,586918,2,53,0,0,55,0,0,686
366,3695363.0,3695905.0,26.10206865625,586930,0,43,0,0,43,0,0,684
367,3695363.0,3695905.0,26.10206865625,586923,2,47,1,0,50,0,0,649
368,3695363.0,3695905.0,26.10206865625,586915,0,57,1,0,58,0,0,659
369,3695305.0,3695884.0,26.10128616875,578845,0,49,0,8079,8128,228,7,695
370,3695352.0,3695901.0,26.10154413125,580044,0,39,0,6890,6929,195,6,688
371,3695363.0,3695905.0,26.10206865625,586935,0,35,3,0,38,0,0,671
372,3695303.0,3695881.0,26.1011725625,582389,0,64,3,4517,4584,130,4,658
373,3695363.0,3695905.0,26.10206865625,586905,1,64,3,0,68,0,0,675
374,3695281.0,3695887.0,26.10084425625,581081,1,46,2,5843,5892,162,5,690
375,3695293.0,3695896.0,26.101204875,583605,0,31,0,3337,3368,97,3,662
376,3695363.0,3695905.0,26.10206865625,586902,0,68,3,0,71,0,0,674
377,3695363.0,3695905.0,26.10206865625,586928,0,44,1,0,45,0,0,716
378,3695338.0,3695901.0,26.10142350625,578990,2,45,2,7934,7983,228,7,684
379,3695333.0,3695888.0,26.1013677,581002,0,55,0,5916,5971,162,5,670
380,3695340.0,3695900.0,26.101596825,585718,0,49,1,1205,1255,33,1,665
381,3695310.0,3695898.0,26.10129725625,578843,0,37,0,8093,8130,228,7,657
382,3695363.0,3695905.0,26.10206865625,586923,0,47,3,0,50,0,0,675
383,3695363.0,3695905.0,26.10206865625,586914,3,56,0,0,59,0,0,690
384,3695363.0,3695905.0,26.10206865625,586925,0,45,3,0,48,0,0,684
385,3695306.0,3695888.0,26.1014123,574273,2,62,0,12636,12700,360,11,657
386,3695363.0,3695905.0,26.10206865625,586931,0,40,2,0,42,0,0,685
387,3695363.0,3695905.0,26.10206865625,586922,0,50,1,0,51,0,0,712
388,3695317.0,3695889.0,26.10098766875,573275,0,45,1,13652,13698,394,12,669
389,3695330.0,3695899.0,26.101312387500002,574322,0,33,0,12618,12651,360,11,649
390,3695271.0,3695904.0,26.101168625,585839,2,43,1,1088,1134,33,1,648
391,3695363.0,3695905.0,26.10206865625,586920,0,51,2,0,53,0,0,680
392,3695322.0,3695895.0,26.1014378125,578740,0,42,4,8187,8233,228,7,663
393,3695317.0,3695891.0,26.10125744375,582297,0,36,4,4636,4676,130,4,684
394,3695327.0,3695899.0,26.101204975,570803,0,40,4,16126,16170,461,14,684
395,3695348.0,3695906.0,26.1015241125,585727,0,46,1,1199,1246,33,1,670
396,3695326.0,3695880.0,26.1012467125,580031,0,57,4,6881,6942,195,6,671
397,3695344.0,3695901.0,26.10149586875,576691,6,46,0,10230,10282,294,9,682
398,3695304.0,3695890.0,26.1010943625,585868,1,40,1,1063,1105,33,1,655
399,3695331.0,3695896.0,26.1012710375,582512,2,50,0,4409,4461,130,4,650
400,3695334.0,3695897.0,26.101210350000002,581387,0,54,1,5531,5586,162,5,667
401,3695363.0,3695905.0,26.10206865625,586936,0,36,1,0,37,0,0,682
402,3695351.0,3695893.0,26.10136305,585747,0,65,0,1161,1226,33,1,692
403,3695321.0,3695886.0,26.10112178125,583458,0,54,1,3460,3515,97,3,668
404,3695332.0,3695902.0,26.10122429375,579928,0,66,2,6977,7045,195,6,701
405,3695363.0,3695905.0,26.10206865625,586925,0,47,1,0,48,0,0,683
406,3695363.0,3695905.0,26.10206865625,586907,2,62,2,0,66,0,0,698
407,3695363.0,3695905.0,26.10206865625,586919,0,52,2,0,54,0,0,693
408,3695344.0,3695900.0,26.1014981125,583531,0,53,3,3386,3442,97,3,690
409,3695328.0,3695897.0,26.10150944375,572999,0,55,0,13919,13974,394,12,695
410,3695315.0,3695884.0,26.10119843125,583416,0,41,1,3515,3557,97,3,658
411,3695316.0,3695892.0,26.1011878375,585703,0,54,0,1216,1270,33,1,696
412,3695333.0,3695894.0,26.1014060875,571754,1,42,2,15174,15219,427,13,651
413,3695294.0,3695895.0,26.10123789375,583334,1,63,1,3574,3639,97,3,693
415,3695363.0,3695905.0,26.10206865625,586936,0,37,0,0,37,0,0,647
416,3695320.0,3695897.0,26.1013469625,584669,1,57,1,2245,2304,65,2,719
417,3695337.0,3695890.0,26.10134184375,569790,0,53,3,17127,17183,495,15,676
418,3695276.0,3695896.0,26.10121095,572972,1,33,2,13965,14001,394,12,679
419,3695321.0,3695894.0,26.101448412499998,585797,1,44,0,1131,1176,33,1,657
420,3695363.0,3695905.0,26.10206865625,586936,0,34,3,0,37,0,0,677
421,3695327.0,3695897.0,26.1009663375,585709,0,51,2,1211,1264,33,1,674
422,3695363.0,3695905.0,26.10206865625,586920,0,52,1,0,53,0,0,702
423,3695328.0,3695906.0,26.10132623125,577766,0,37,4,9166,9207,261,8,666
424,3695363.0,3695905.0,26.10206865625,586918,2,51,2,0,55,0,0,670
425,3695316.0,3695884.0,26.101204043750002,583582,0,41,2,3348,3391,97,3,686
426,3695331.0,3695905.0,26.10135793125,583474,0,50,1,3448,3499,97,3,689
427,3695323.0,3695884.0,26.1012787875,574410,2,43,1,12517,12563,360,11,656
428,3695318.0,3695904.0,26.10122,580219,0,42,1,6711,6754,195,6,659
429,3695343.0,3695901.0,26.10127055625,577589,0,55,2,9327,9384,261,8,661
430,3695377.0,3695900.0,26.1012324,582162,0,51,3,4757,4811,130,4,673
431,3695317.0,3695903.0,26.10104095625,574576,0,31,0,12366,12397,360,11,634
432,3695300.0,3695888.0,26.10091436875,585803,1,55,1,1113,1170,33,1,683
433,3695363.0,3695905.0,26.10206865625,586933,0,40,0,0,40,0,0,679
434,3695299.0,3695886.0,26.10105525625,576601,1,39,1,10331,10372,294,9,658
435,3695334.0,3695885.0,26.1011402625,575536,0,56,1,11380,11437,327,10,700
436,3695363.0,3695905.0,26.10206865625,586927,0,45,1,0,46,0,0,667
437,3695363.0,3695905.0,26.10206865625,586919,0,54,0,0,54,0,0,665
438,3695363.0,3695905.0,26.10206865625,586922,0,50,1,0,51,0,0,681
439,3695329.0,3695891.0,26.10120616875,573175,0,46,1,13751,13798,394,12,633
440,3695352.0,3695905.0,26.1012873625,571588,0,40,2,15343,15385,427,13,647
441,3695305.0,3695896.0,26.10111665,577657,0,53,1,9262,9316,261,8,695
442,3695363.0,3695905.0,26.10206865625,586927,0,45,1,0,46,0,0,696
443,3695333.0,3695895.0,26.10125290625,585763,1,47,1,1161,1210,33,1,679
444,3695316.0,3695882.0,26.10129428125,581195,0,42,2,5734,5778,162,5,665
445,3695292.0,3695873.0,26.10128664375,575686,0,61,3,11223,11287,327,10,689
446,3695319.0,3695878.0,26.10121310625,580012,0,53,1,6907,6961,195,6,671
447,3695316.0,3695883.0,26.1011812625,581260,0,48,1,5664,5713,162,5,710
448,3695298.0,3695898.0,26.10135925,584681,1,45,5,2241,2292,65,2,692
449,3695320.0,3695889.0,26.10111665,585769,0,36,0,1168,1204,33,1,682
450,3695303.0,3695890.0,26.101309193749998,569765,0,53,3,17152,17208,495,15,661
451,3695278.0,3695899.0,26.10127913125,582252,0,40,0,4681,4721,130,4,679
452,3695363.0,3695905.0,26.10206865625,586917,0,54,2,0,56,0,0,648
453,3695363.0,3695905.0,26.10206865625,586912,0,59,2,0,61,0,0,714
454,3695363.0,3695905.0,26.10206865625,586926,0,44,3,0,47,0,0,655
455,3695301.0,3695886.0,26.10116243125,573285,1,40,2,13645,13688,394,12,645
456,3695363.0,3695905.0,26.10206865625,586912,3,57,1,0,61,0,0,706
457,3695328.0,3695894.0,26.10113383125,571963,1,49,2,14958,15010,427,13,708
458,3695336.0,3695895.0,26.10128009375,585747,1,42,2,1181,1226,33,1,662
459,3695338.0,3695906.0,26.1013383875,570945,0,39,0,15989,16028,461,14,632
460,3695351.0,3695907.0,26.10135089375,572909,0,46,2,14016,14064,394,12,683
461,3695336.0,3695895.0,26.10112535625,582255,0,66,1,4651,4718,130,4,674
462,3695363.0,3695905.0,26.10206865625,586920,3,47,3,0,53,0,0,702
463,3695301.0,3695883.0,26.10139190625,585776,0,63,0,1134,1197,33,1,692
464,3695317.0,3695878.0,26.1009995875,585782,0,45,2,1144,1191,33,1,682
465,3695261.0,3695871.0,26.1009342625,579817,0,38,1,7117,7156,195,6,663
466,3695329.0,3695904.0,26.10120771875,583605,0,50,1,3317,3368,97,3,701
467,3695325.0,3695896.0,26.1014540125,582259,0,50,5,4659,4714,130,4,679
468,3695296.0,3695883.0,26.101264,572814,0,58,1,14100,14159,394,12,671
469,3695289.0,3695893.0,26.101247175,578752,0,49,2,8170,8221,228,7,679
470,3695363.0,3695905.0,26.10206865625,586929,1,43,0,0,44,0,0,688
471,3695317.0,3695904.0,26.10119664375,577893,1,56,1,9022,9080,261,8,673
472,3695363.0,3695905.0,26.10206865625,586907,2,62,2,0,66,0,0,689
473,3695326.0,3695893.0,26.10131704375,585809,1,39,0,1124,1164,33,1,680
474,3695312.0,3695904.0,26.101206775,578872,0,48,3,8050,8101,228,7,703
475,3695299.0,3695895.0,26.101373425,578624,0,48,2,8299,8349,228,7,664
476,3695322.0,3695892.0,26.101338393749998,579018,0,49,5,7901,7955,228,7,642
477,3695363.0,3695905.0,26.10206865625,586938,1,33,1,0,35,0,0,682
478,3695363.0,3695905.0,26.10206865625,586920,0,52,1,0,53,0,0,725
479,3695345.0,3695906.0,26.1016256875,580392,0,60,3,6518,6581,195,6,668
480,3695274.0,3695889.0,26.10100673125,579092,0,44,0,7837,7881,228,7,662
481,3695363.0,3695905.0,26.10206865625,586923,0,50,0,0,50,0,0,687
482,3695299.0,3695896.0,26.1013085875,579044,0,49,0,7880,7929,228,7,647
483,3695363.0,3695905.0,26.10206865625,586940,0,33,0,0,33,0,0,648
484,3695363.0,3695905.0,26.10206865625,586924,0,45,4,0,49,0,0,701
485,3695363.0,3695905.0,26.10206865625,586933,0,38,2,0,40,0,0,680
486,3695363.0,3695905.0,26.10206865625,586933,0,39,1,0,40,0,0,694
487,3695295.0,3695881.0,26.1012665,571797,0,41,2,15133,15176,427,13,661
489,3695323.0,3695882.0,26.10129283125,576505,1,53,0,10414,10468,294,9,671
490,3695321.0,3695880.0,26.101266625,583403,0,61,1,3508,3570,97,3,674
491,3695302.0,3695898.0,26.1011387125,574646,0,48,1,12278,12327,360,11,648
492,3695276.0,3695893.0,26.10136771875,579002,0,52,2,7917,7971,228,7,667
493,3695311.0,3695883.0,26.10099875625,576511,2,43,1,10416,10462,294,9,682
494,3695335.0,3695899.0,26.10158621875,585729,0,57,0,1187,1244,33,1,671
495,3695348.0,3695906.0,26.10137199375,581171,0,36,0,5766,5802,162,5,675
496,3695363.0,3695905.0,26.10206865625,586907,0,66,0,0,66,0,0,676
497,3695303.0,3695886.0,26.10120069375,584590,0,58,1,2324,2383,65,2,708
498,3695319.0,3695888.0,26.10101985,579830,0,62,0,7081,7143,195,6,679
499,3695319.0,3695896.0,26.10111689375,579828,0,54,2,7089,7145,195,6,663
500,3695297.0,3695888.0,26.101018075,581144,0,66,1,5762,5829,162,5,685
501,3695341.0,3695902.0,26.10125029375,574227,1,46,3,12696,12746,360,11,681
502,3695363.0,3695905.0,26.10206865625,586924,2,45,2,0,49,0,0,699
503,3695321.0,3695889.0,26.1011729125,582427,0,46,3,4497,4546,130,4,670
504,3695319.0,3695901.0,26.101122025000002,582427,1,49,1,4495,4546,130,4,673
505,3695318.0,3695886.0,26.1010163875,578089,0,68,1,8815,8884,261,8,698
506,3695363.0,3695905.0,26.10206865625,586923,0,47,3,0,50,0,0,674
507,3695363.0,3695905.0,26.10206865625,586915,0,56,2,0,58,0,0,688
508,3695345.0,3695897.0,26.10147606875,573166,0,44,1,13762,13807,394,12,676
509,3695255.0,3695891.0,26.1011598,583446,1,51,0,3475,3527,97,3,673
510,3695326.0,3695894.0,26.10148726875,579019,1,34,0,7919,7954,228,7,678
511,3695323.0,3695910.0,26.10130703125,569584,1,46,3,17339,17389,495,15,664
512,3695329.0,3695904.0,26.1014354125,585824,4,56,3,1086,1149,33,1,639
513,3695363.0,3695905.0,26.10206865625,586937,0,35,1,0,36,0,0,665
514,3695323.0,3695896.0,26.10131978125,585836,0,47,2,1088,1137,33,1,693
515,3695294.0,3695890.0,26.10086106875,584619,1,54,1,2298,2354,65,2,706
516,3695319.0,3695895.0,26.10132920625,583542,1,41,1,3388,3431,97,3,671
517,3695322.0,3695893.0,26.10131561875,581017,0,39,3,5914,5956,162,5,679
518,3695363.0,3695905.0,26.10206865625,586926,1,44,2,0,47,0,0,679
519,3695363.0,3695905.0,26.10206865625,586931,0,42,0,0,42,0,0,672
520,3695311.0,3695880.0,26.10119246875,583613,0,53,2,3305,3360,97,3,673
521,3695278.0,3695878.0,26.10124373125,578836,4,39,1,8093,8137,228,7,689
522,3695318.0,3695905.0,26.101095675,578850,3,45,1,8074,8123,228,7,692
523,3695330.0,3695897.0,26.1014682,585778,0,63,4,1128,1195,33,1,689
524,3695327.0,3695903.0,26.10114145,582320,0,69,4,4580,4653,130,4,695
525,3695343.0,3695906.0,26.1013424375,573247,0,49,3,13674,13726,394,12,688
526,3695363.0,3695905.0,26.10206865625,586919,0,53,1,0,54,0,0,670
527,3695363.0,3695905.0,26.10206865625,586930,2,40,1,0,43,0,0,658
528,3695318.0,3695896.0,26.10131025,584714,1,44,1,2213,2259,65,2,680
529,3695363.0,3695905.0,26.10206865625,586923,1,47,2,0,50,0,0,667
530,3695363.0,3695905.0,26.10206865625,586926,0,43,4,0,47,0,0,666
531,3695328.0,3695890.0,26.10116456875,582402,0,38,1,4532,4571,130,4,698
532,3695341.0,3695896.0,26.10153591875,582439,0,51,2,4481,4534,130,4,693
533,3695317.0,3695908.0,26.10117208125,585787,3,43,2,1138,1186,33,1,699
534,3695302.0,3695885.0,26.10128175625,579098,0,34,0,7841,7875,228,7,683
535,3695363.0,3695905.0,26.10206865625,586907,0,64,2,0,66,0,0,670
536,3695309.0,3695897.0,26.10092676875,571094,0,60,1,15818,15879,461,14,684
537,3695309.0,3695903.0,26.101515768749998,584780,0,44,0,2149,2193,65,2,678
538,3695269.0,3695885.0,26.10118699375,572852,0,41,0,14080,14121,394,12,661
539,3695336.0,3695900.0,26.10139810625,571954,1,49,1,14968,15019,427,13,677
540,3695363.0,3695905.0,26.10206865625,586918,0,55,0,0,55,0,0,665
541,3695363.0,3695905.0,26.10206865625,586932,0,40,1,0,41,0,0,658
542,3695363.0,3695905.0,26.10206865625,586916,0,57,0,0,57,0,0,686
543,3695321.0,3695895.0,26.101209525,580134,0,55,2,6782,6839,195,6,666
544,3695276.0,3695880.0,26.10095441875,572984,0,45,1,13943,13989,394,12,679
545,3695363.0,3695905.0,26.10206865625,586916,0,55,2,0,57,0,0,683
546,3695315.0,3695886.0,26.1011788875,583606,0,43,4,3320,3367,97,3,680
547,3695345.0,3695894.0,26.10160374375,575170,0,44,1,11758,11803,327,10,683
548,3695278.0,3695890.0,26.10105286875,583221,0,50,3,3699,3752,97,3,687
549,3695331.0,3695901.0,26.10140800625,581292,0,48,4,5629,5681,162,5,639
550,3695338.0,3695900.0,26.10118031875,578973,0,46,4,7950,8000,228,7,670
551,3695363.0,3695905.0,26.10206865625,586931,0,40,2,0,42,0,0,656
552,3695363.0,3695905.0,26.10206865625,586931,1,41,0,0,42,0,0,664
553,3695325.0,3695899.0,26.1012312125,570733,0,35,1,16204,16240,461,14,642
554,3695335.0,3695907.0,26.10130465,578787,0,57,1,8128,8186,228,7,654
555,3695363.0,3695905.0,26.10206865625,586928,0,44,1,0,45,0,0,664
556,3695363.0,3695905.0,26.10206865625,586937,1,35,0,0,36,0,0,671
557,3695339.0,3695898.0,26.10153674375,576718,0,50,2,10203,10255,294,9,679
558,3695363.0,3695905.0,26.10206865625,586926,1,44,2,0,47,0,0,652
559,3695363.0,3695905.0,26.10206865625,586930,0,42,1,0,43,0,0,698
560,3695340.0,3695903.0,26.10142600625,582216,0,37,4,4716,4757,130,4,648
561,3695363.0,3695905.0,26.10206865625,586918,2,51,2,0,55,0,0,698
562,3695312.0,3695888.0,26.10106956875,575452,0,57,2,11462,11521,327,10,689
563,3695331.0,3695889.0,26.1011192875,584676,0,43,1,2253,2297,65,2,707
564,3695341.0,3695893.0,26.10138189375,585859,1,48,2,1063,1114,33,1,673
565,3695322.0,3695896.0,26.1010583625,578864,1,47,2,8059,8109,228,7,699
567,3695363.0,3695905.0,26.10206865625,586925,0,45,3,0,48,0,0,688
568,3695332.0,3695898.0,26.101300475,571341,0,50,1,15581,15632,461,14,656
569,3695325.0,3695895.0,26.10127055625,580101,0,40,1,6831,6872,195,6,692
570,3695309.0,3695903.0,26.10134744375,583467,0,48,0,3458,3506,97,3,681
571,3695314.0,3695887.0,26.10139701875,580168,2,52,2,6749,6805,195,6,682
572,3695329.0,3695889.0,26.1013429125,572316,0,57,3,14597,14657,427,13,645
573,3695312.0,3695897.0,26.10141551875,578779,1,47,1,8145,8194,228,7,653
574,3695300.0,3695874.0,26.101315387499998,577928,0,42,1,9002,9045,261,8,667
575,3695331.0,3695905.0,26.101441018750002,573356,2,48,1,13566,13617,394,12,646
576,3695363.0,3695905.0,26.10206865625,586920,0,51,2,0,53,0,0,687
577,3695319.0,3695888.0,26.1012492125,576400,0,52,2,10519,10573,294,9,624
578,3695340.0,3695902.0,26.10120306875,578639,0,36,0,8298,8334,228,7,666
580,3695339.0,3695895.0,26.10140955,572032,0,44,0,14897,14941,427,13,690
581,3695309.0,3695892.0,26.1011454,583399,0,50,0,3524,3574,97,3,676
582,3695341.0,3695902.0,26.10135984375,573123,2,48,1,13799,13850,394,12,645
583,3695298.0,3695882.0,26.101318943749998,575414,0,30,2,11527,11559,327,10,673
584,3695363.0,3695905.0,26.10206865625,586916,2,54,1,0,57,0,0,691
585,3695363.0,3695905.0,26.10206865625,586916,0,55,2,0,57,0,0,726
586,3695292.0,3695900.0,26.10135948125,573876,2,59,4,13032,13097,360,11,684
587,3695315.0,3695901.0,26.10101245625,585693,0,35,1,1244,1280,33,1,664
588,3695310.0,3695888.0,26.10106754375,577474,1,59,1,9438,9499,261,8,672
589,3695307.0,3695868.0,26.1013084625,572105,3,46,1,14818,14868,427,13,645
590,3695352.0,3695907.0,26.10129749375,577826,0,42,1,9104,9147,261,8,688
591,3695316.0,3695891.0,26.10128795625,583536,0,39,2,3396,3437,97,3,681
592,3695318.0,3695888.0,26.10142646875,581224,0,35,5,5709,5749,162,5,662
593,3695363.0,3695905.0,26.10206865625,586912,0,60,1,0,61,0,0,713
594,3695363.0,3695905.0,26.10206865625,586917,1,52,3,0,56,0,0,669
595,3695363.0,3695905.0,26.10206865625,586924,0,46,3,0,49,0,0,661
596,3695294.0,3695877.0,26.10118710625,582147,0,48,0,4778,4826,130,4,683
597,3695335.0,3695906.0,26.1011815,582373,0,53,3,4544,4600,130,4,706
598,3695335.0,3695905.0,26.101265425,579035,1,37,3,7897,7938,228,7,681
599,3695326.0,3695889.0,26.10109758125,583233,1,48,1,3690,3740,97,3,680
600,3695268.0,3695885.0,26.10130166875,579082,0,38,2,7851,7891,228,7,691
601,3695301.0,3695875.0,26.1012275375,579931,0,52,1,6989,7042,195,6,676
602,3695332.0,3695906.0,26.1012226375,573172,2,40,1,13758,13801,394,12,681
603,3695363.0,3695905.0,26.10206865625,586913,0,57,3,0,60,0,0,702
604,3695319.0,3695893.0,26.101232893749998,585743,2,53,2,1173,1230,33,1,709
605,3695314.0,3695881.0,26.10115886875,569721,0,47,3,17202,17252,495,15,636
606,3695284.0,3695842.0,26.1009560875,577692,0,55,0,9226,9281,261,8,679
607,3695303.0,3695863.0,26.10076093125,569984,4,37,2,16946,16989,495,15,632
608,3695275.0,3695859.0,26.10128855625,570725,0,36,4,16208,16248,461,14,668
609,3695339.0,3695905.0,26.10137475,574488,0,41,2,12442,12485,360,11,618
610,3695343.0,3695896.0,26.1013978625,572171,0,46,2,14754,14802,427,13,666
611,3695363.0,3695905.0,26.10206865625,586940,1,30,2,0,33,0,0,685
612,3695363.0,3695905.0,26.10206865625,586917,1,49,6,0,56,0,0,664
613,3695363.0,3695905.0,26.10206865625,586928,1,44,0,0,45,0,0,668
614,3695363.0,3695905.0,26.10206865625,586910,2,60,1,0,63,0,0,681
615,3695363.0,3695905.0,26.10206865625,586931,0,40,2,0,42,0,0,689
616,3695341.0,3695901.0,26.101422425,584577,1,47,1,2347,2396,65,2,645
617,3695363.0,3695905.0,26.10206865625,586913,1,58,1,0,60,0,0,715
618,3695313.0,3695885.0,26.1009767,572056,0,40,2,14875,14917,427,13,674
619,3695289.0,3695895.0,26.10115980625,581033,2,58,0,5880,5940,162,5,692
620,3695335.0,3695908.0,26.10120440625,579957,0,44,0,6972,7016,195,6,678
621,3695288.0,3695883.0,26.10119770625,583213,0,40,4,3716,3760,97,3,686
622,3695326.0,3695887.0,26.10107695,569627,0,53,1,17292,17346,495,15,663
623,3695363.0,3695905.0,26.10206865625,586921,0,51,1,0,52,0,0,693
624,3695325.0,3695901.0,26.10132635,576610,0,63,3,10297,10363,294,9,666
625,3695324.0,3695888.0,26.10100984375,582454,1,58,2,4458,4519,130,4,679
626,3695302.0,3695895.0,26.10092759375,572000,6,51,1,14915,14973,427,13,659
627,3695334.0,3695903.0,26.10102951875,574153,0,65,2,12753,12820,360,11,705
628,3695281.0,3695884.0,26.101288325,571062,3,59,0,15849,15911,461,14,630
629,3695329.0,3695894.0,26.10117388125,581209,2,43,2,5717,5764,162,5,656
630,3695363.0,3695905.0,26.10206865625,586919,2,48,4,0,54,0,0,669
631,3695363.0,3695905.0,26.10206865625,586923,0,48,2,0,50,0,0,690
632,3695334.0,3695900.0,26.101275325,584582,4,48,0,2339,2391,65,2,637
633,3695314.0,3695892.0,26.101142643750002,573156,2,42,1,13772,13817,394,12,674
634,3695307.0,3695905.0,26.10120928125,573360,1,48,0,13564,13613,394,12,647
635,3695363.0,3695905.0,26.10206865625,586919,0,54,0,0,54,0,0,686
636,3695363.0,3695905.0,26.10206865625,586923,1,48,1,0,50,0,0,677
637,3695317.0,3695879.0,26.10134469375,576731,1,37,2,10202,10242,294,9,671
638,3695276.0,3695872.0,26.100971225000002,583454,0,52,1,3466,3519,97,3,681
639,3695363.0,3695905.0,26.10206865625,586927,5,39,2,0,46,0,0,704
640,3695363.0,3695905.0,26.10206865625,586928,1,44,0,0,45,0,0,652
641,3695363.0,3695905.0,26.10206865625,586917,2,54,0,0,56,0,0,684
642,3695342.0,3695905.0,26.101305725,577827,0,38,2,9106,9146,261,8,639
643,3695363.0,3695905.0,26.10206865625,586917,0,54,2,0,56,0,0,702
644,3695310.0,3695893.0,26.1012498125,571065,1,47,2,15858,15908,461,14,692
645,3695326.0,3695893.0,26.10131704375,585791,0,57,1,1124,1182,33,1,718
646,3695363.0,3695905.0,26.10206865625,586917,0,55,1,0,56,0,0,739
647,3695363.0,3695905.0,26.10206865625,586919,1,52,1,0,54,0,0,687
648,3695332.0,3695895.0,26.101236825,585697,0,40,4,1232,1276,33,1,659
649,3695363.0,3695905.0,26.10206865625,586921,1,49,2,0,52,0,0,684
650,3695315.0,3695899.0,26.10143398125,576700,0,38,2,10233,10273,294,9,651
651,3695304.0,3695895.0,26.10121475625,576632,5,39,3,10294,10341,294,9,662
652,3695325.0,3695889.0,26.1016811125,584709,0,45,2,2217,2264,65,2,667
653,3695363.0,3695905.0,26.10206865625,586925,0,48,0,0,48,0,0,692
654,3695322.0,3695884.0,26.101472025,585822,0,57,2,1092,1151,33,1,684
655,3695363.0,3695905.0,26.10206865625,586922,0,50,1,0,51,0,0,701
656,3695299.0,3695892.0,26.10134888125,571833,0,41,1,15098,15140,427,13,673
657,3695310.0,3695877.0,26.1011375125,574385,0,50,0,12538,12588,360,11,697
658,3695333.0,3695892.0,26.10133194375,583502,0,43,1,3427,3471,97,3,659
659,3695363.0,3695905.0,26.10206865625,586927,0,43,3,0,46,0,0,682
660,3695320.0,3695891.0,26.10119819375,569778,1,35,1,17158,17195,495,15,641
661,3695326.0,3695889.0,26.10122025,576577,0,55,0,10341,10396,294,9,720
662,3695363.0,3695905.0,26.10206865625,586922,0,50,1,0,51,0,0,667
663,3695313.0,3695890.0,26.10100005,583541,0,49,1,3382,3432,97,3,644
664,3695363.0,3695905.0,26.10206865625,586929,0,43,1,0,44,0,0,639
665,3695295.0,3695891.0,26.10130215625,575841,0,47,2,11083,11132,327,10,650
666,3695310.0,3695889.0,26.1011163,581213,0,48,1,5711,5760,162,5,655
667,3695345.0,3695903.0,26.10143291875,575757,2,64,5,11145,11216,327,10,715
669,3695303.0,3695901.0,26.10143636875,574547,0,46,1,12379,12426,360,11,664
671,3695282.0,3695892.0,26.1011339375,579092,1,64,1,7815,7881,228,7,661
672,3695348.0,3695898.0,26.1014795375,582499,1,50,1,4422,4474,130,4,677
675,3695286.0,3695900.0,26.10129701875,575426,7,38,2,11500,11547,327,10,681
676,3695315.0,3695885.0,26.10114466875,576272,0,37,0,10664,10701,294,9,657
677,3695324.0,3695900.0,26.1015111125,585882,1,44,4,1042,1091,33,1,681
678,3695299.0,3695880.0,26.10124123125,582389,0,52,4,4528,4584,130,4,703
679,3695335.0,3695902.0,26.101290825,576500,0,45,3,10425,10473,294,9,640
680,3695305.0,3695894.0,26.101279975,579022,0,43,2,7906,7951,228,7,662
681,3695334.0,3695901.0,26.101323968750002,576667,1,59,0,10246,10306,294,9,633
682,3695363.0,3695905.0,26.10206865625,586935,0,37,1,0,38,0,0,679
683,3695259.0,3695887.0,26.101208075,577620,0,43,2,9308,9353,261,8,687
684,3695321.0,3695882.0,26.1012637625,570632,0,40,3,16298,16341,461,14,632
685,3695363.0,3695905.0,26.10206865625,586910,1,60,2,0,63,0,0,683
686,3695363.0,3695905.0,26.10206865625,586938,0,33,2,0,35,0,0,629
687,3695315.0,3695889.0,26.10105418125,581277,0,44,0,5652,5696,162,5,682
688,3695363.0,3695905.0,26.10206865625,586930,1,42,0,0,43,0,0,707
689,3695363.0,3695905.0,26.10206865625,586929,1,40,3,0,44,0,0,671
690,3695334.0,3695905.0,26.1011360875,580028,2,51,1,6891,6945,195,6,668
691,3695314.0,3695905.0,26.101322525,576697,2,52,1,10221,10276,294,9,673
692,3695324.0,3695881.0,26.10122751875,579952,0,53,1,6967,7021,195,6,657
693,3695310.0,3695893.0,26.1012588625,576592,2,42,1,10336,10381,294,9,683
694,3695313.0,3695886.0,26.101202968750002,580019,0,50,3,6901,6954,195,6,638
695,3695343.0,3695897.0,26.1014460375,585779,0,42,4,1148,1194,33,1,687
696,3695307.0,3695880.0,26.1013079875,585796,1,47,4,1125,1177,33,1,682
697,3695363.0,3695905.0,26.10206865625,586926,0,47,0,0,47,0,0,645
698,3695290.0,3695875.0,26.10104536875,585727,2,45,3,1196,1246,33,1,681
699,3695278.0,3695880.0,26.10093963125,577931,0,34,3,9005,9042,261,8,697
700,3695331.0,3695904.0,26.10124695,577679,0,61,2,9231,9294,261,8,681
701,3695363.0,3695905.0,26.10206865625,586911,3,55,4,0,62,0,0,666
702,3695308.0,3695890.0,26.100948931250002,571930,0,47,2,14994,15043,427,13,655
703,3695313.0,3695896.0,26.1012702,578794,0,52,2,8125,8179,228,7,688
704,3695363.0,3695905.0,26.10206865625,586925,0,46,2,0,48,0,0,667
705,3695274.0,3695875.0,26.10115039375,585756,1,31,2,1183,1217,33,1,627
706,3695318.0,3695900.0,26.1010419125,572057,0,49,1,14866,14916,427,13,644
707,3695311.0,3695877.0,26.10110866875,576388,0,56,2,10527,10585,294,9,670
708,3695325.0,3695882.0,26.1011886625,582437,1,64,1,4470,4536,130,4,716
709,3695335.0,3695892.0,26.10140825,573103,0,54,0,13816,13870,394,12,657
710,3695337.0,3695899.0,26.10144696875,578843,1,45,1,8083,8130,228,7,678
711,3695363.0,3695905.0,26.10206865625,586913,1,57,2,0,60,0,0,660
712,3695319.0,3695896.0,26.10131501875,582502,0,57,3,4411,4471,130,4,693
714,3695363.0,3695905.0,26.10206865625,586935,1,35,2,0,38,0,0,688
715,3695344.0,3695908.0,26.10129213125,584607,0,53,1,2312,2366,65,2,704
716,3695363.0,3695905.0,26.10206865625,586934,0,38,1,0,39,0,0,731
717,3695330.0,3695899.0,26.10142314375,576344,0,42,1,10586,10629,294,9,648
718,3695363.0,3695905.0,26.10206865625,586920,0,51,2,0,53,0,0,681
719,3695310.0,3695901.0,26.1012800875,571002,0,53,1,15917,15971,461,14,664
720,3695271.0,3695886.0,26.10094070625,581292,0,44,1,5636,5681,162,5,651
721,3695336.0,3695907.0,26.101305956250002,577714,0,35,2,9222,9259,261,8,658
722,3695319.0,3695890.0,26.1013084625,574038,0,38,1,12896,12935,360,11,655
723,3695285.0,3695870.0,26.10136186875,574600,2,35,1,12335,12373,360,11,657
724,3695340.0,3695903.0,26.10157788125,585741,4,46,1,1181,1232,33,1,685
725,3695363.0,3695905.0,26.10206865625,586918,0,54,1,0,55,0,0,715
726,3695307.0,3695886.0,26.1012576875,574214,1,41,4,12713,12759,360,11,624
727,3695348.0,3695898.0,26.1013860625,579037,1,42,1,7892,7936,228,7,685
728,3695330.0,3695903.0,26.10121809375,582291,3,33,2,4644,4682,130,4,664
729,3695363.0,3695905.0,26.10206865625,586904,0,67,2,0,69,0,0,682
731,3695334.0,3695898.0,26.10123658125,582294,0,48,4,4627,4679,130,4,666
732,3695341.0,3695906.0,26.10141205,585798,1,56,0,1118,1175,33,1,673
733,3695345.0,3695904.0,26.1014148,569740,0,52,0,17181,17233,495,15,663
734,3695363.0,3695905.0,26.10206865625,586916,2,55,0,0,57,0,0,661
735,3695292.0,3695873.0,26.10117793125,577657,0,57,1,9258,9316,261,8,694
736,3695332.0,3695902.0,26.1012296625,584669,3,35,0,2266,2304,65,2,674
737,3695363.0,3695905.0,26.10206865625,586902,0,67,4,0,71,0,0,723
738,3695333.0,3695889.0,26.10118055625,569435,0,55,0,17483,17538,495,15,648
739,3695327.0,3695900.0,26.10139989375,581344,0,47,3,5579,5629,162,5,670
740,3695325.0,3695899.0,26.101282475,584576,0,42,5,2350,2397,65,2,672
741,3695307.0,3695878.0,26.10100485,581120,0,51,3,5799,5853,162,5,650
742,3695363.0,3695905.0,26.10206865625,586931,0,42,0,0,42,0,0,672
743,3695294.0,3695895.0,26.10097848125,577489,1,47,1,9435,9484,261,8,657
744,3695332.0,3695882.0,26.10132634375,575527,0,54,1,11391,11446,327,10,665
745,3695322.0,3695903.0,26.10131443125,576462,0,48,0,10463,10511,294,9,653
746,3695302.0,3695877.0,26.10112630625,582419,0,51,2,4501,4554,130,4,676
747,3695327.0,3695904.0,26.101351018749998,576616,0,46,1,10310,10357,294,9,661
748,3695363.0,3695905.0,26.10206865625,586932,0,40,1,0,41,0,0,677
749,3695320.0,3695901.0,26.1013348,584740,0,45,0,2188,2233,65,2,688
750,3695306.0,3695881.0,26.10124325,570992,1,50,3,15927,15981,461,14,643
751,3695313.0,3695893.0,26.10119879375,583487,0,49,3,3434,3486,97,3,668
752,3695353.0,3695895.0,26.10123645625,574501,0,40,1,12431,12472,360,11,663
753,3695339.0,3695905.0,26.10121369375,581089,2,38,1,5843,5884,162,5,672
754,3695322.0,3695892.0,26.101210362499998,583351,0,30,1,3591,3622,97,3,661
755,3695324.0,3695905.0,26.1010245,571264,0,40,2,15667,15709,461,14,699
756,3695303.0,3695901.0,26.10135435625,576806,0,56,3,10108,10167,294,9,674
757,3695322.0,3695898.0,26.1012218,585748,3,47,2,1173,1225,33,1,671
758,3695317.0,3695890.0,26.10128093125,570060,0,48,1,16864,16913,495,15,695
759,3695363.0,3695905.0,26.10206865625,586918,1,54,0,0,55,0,0,643
760,3695344.0,3695905.0,26.10152660625,585868,0,46,2,1057,1105,33,1,667
761,3695306.0,3695894.0,26.101193662500002,577441,3,39,1,9489,9532,261,8,686
762,3695363.0,3695905.0,26.10206865625,586926,0,42,5,0,47,0,0,688
763,3695289.0,3695889.0,26.100986,585653,4,53,3,1260,1320,33,1,692
764,3695332.0,3695898.0,26.1012578,573121,0,64,2,13786,13852,394,12,673
765,3695335.0,3695899.0,26.10158621875,585725,0,61,0,1187,1248,33,1,695
766,3695323.0,3695890.0,26.1011602875,585844,0,57,3,1069,1129,33,1,695
767,3695331.0,3695896.0,26.101257675,583441,0,36,0,3496,3532,97,3,675
768,3695320.0,3695866.0,26.1012556625,585887,1,50,2,1033,1086,33,1,668
769,3695331.0,3695894.0,26.10107946875,571853,0,34,1,15085,15120,427,13,632
770,3695311.0,3695887.0,26.10120176875,582397,0,44,2,4530,4576,130,4,678
771,3695316.0,3695894.0,26.10112130625,585821,0,42,0,1110,1152,33,1,719
772,3695363.0,3695905.0,26.10206865625,586912,2,58,1,0,61,0,0,671
773,3695341.0,3695905.0,26.10147916875,582400,3,51,5,4514,4573,130,4,689
774,3695277.0,3695898.0,26.1011058125,582219,0,66,1,4687,4754,130,4,681
775,3695322.0,3695903.0,26.1011807875,585847,0,33,2,1091,1126,33,1,664
776,3695278.0,3695870.0,26.10091734375,582186,2,44,1,4740,4787,130,4,699
777,3695296.0,3695883.0,26.10091316875,576618,1,30,1,10323,10355,294,9,668
778,3695317.0,3695880.0,26.101113075,581278,0,53,2,5640,5695,162,5,682
779,3695288.0,3695878.0,26.10122358125,577487,1,46,5,9434,9486,261,8,658
780,3695363.0,3695905.0,26.10206865625,586927,2,41,3,0,46,0,0,703
781,3695330.0,3695900.0,26.1014175375,573523,0,39,0,13411,13450,394,12,648
782,3695320.0,3695889.0,26.1011528875,584655,0,48,2,2268,2318,65,2,698
783,3695336.0,3695897.0,26.1012727,580136,0,48,3,6786,6837,195,6,688
784,3695322.0,3695889.0,26.10114776875,577656,1,40,2,9274,9317,261,8,660
785,3695322.0,3695890.0,26.101485481250002,581238,2,42,0,5691,5735,162,5,667
786,3695290.0,3695901.0,26.101075887500002,571991,0,45,1,14936,14982,427,13,618
787,3695329.0,3695899.0,26.101447574999998,584715,0,59,5,2194,2258,65,2,702
788,3695363.0,3695905.0,26.10206865625,586920,1,49,3,0,53,0,0,701
789,3695321.0,3695894.0,26.10106216875,577862,1,46,1,9063,9111,261,8,662
790,3695342.0,3695897.0,26.10132241875,581337,1,60,2,5573,5636,162,5,692
791,3695313.0,3695877.0,26.10125636875,579815,0,31,1,7126,7158,195,6,679
792,3695273.0,3695860.0,26.1010113875,581282,0,57,1,5633,5691,162,5,667
793,3695309.0,3695868.0,26.10122418125,580122,0,59,1,6791,6851,195,6,676
794,3695345.0,3695903.0,26.10143363125,572984,0,57,1,13931,13989,394,12,642
795,3695305.0,3695875.0,26.10121585,575503,0,45,5,11420,11470,327,10,654
796,3695261.0,3695880.0,26.10095548125,578975,0,41,3,7954,7998,228,7,671
797,3695327.0,3695892.0,26.101241225,581386,1,40,1,5545,5587,162,5,672
798,3695320.0,3695885.0,26.10134685625,572238,1,53,0,14681,14735,427,13,688
799,3695290.0,3695887.0,26.100884425,582228,1,42,3,4699,4745,130,4,682
800,3695363.0,3695905.0,26.10206865625,586936,0,37,0,0,37,0,0,676
801,3695363.0,3695905.0,26.10206865625,586946,0,25,2,0,27,0,0,669
802,3695363.0,3695905.0,26.10206865625,586929,0,43,1,0,44,0,0,688
803,3695335.0,3695903.0,26.10130393125,585779,0,55,2,1137,1194,33,1,681
804,3695363.0,3695905.0,26.10206865625,586927,1,43,2,0,46,0,0,676
805,3695363.0,3695905.0,26.10206865625,586910,3,55,5,0,63,0,0,678
806,3695294.0,3695887.0,26.10122941875,581131,0,37,1,5804,5842,162,5,633
807,3695335.0,3695891.0,26.1013717625,575104,0,43,2,11824,11869,327,10,674
808,3695322.0,3695902.0,26.10123466875,578748,0,38,1,8186,8225,228,7,650
809,3695363.0,3695905.0,26.10206865625,586928,1,43,1,0,45,0,0,659
810,3695320.0,3695876.0,26.101283662500002,574427,2,45,1,12498,12546,360,11,651
811,3695318.0,3695902.0,26.10111116875,584747,0,44,2,2180,2226,65,2,665
812,3695303.0,3695894.0,26.10107255,582323,1,59,0,4590,4650,130,4,686
813,3695328.0,3695901.0,26.10135364375,585832,0,58,3,1080,1141,33,1,628
814,3695337.0,3695893.0,26.101179825,579818,3,36,0,7116,7155,195,6,674
815,3695332.0,3695902.0,26.101188175,577784,0,46,2,9141,9189,261,8,708
816,3695267.0,3695895.0,26.1014233875,576503,0,49,1,10420,10470,294,9,659
817,3695337.0,3695902.0,26.1013789125,574288,0,57,0,12628,12685,360,11,694
818,3695345.0,3695906.0,26.1013963125,579993,1,50,2,6927,6980,195,6,640
819,3695322.0,3695884.0,26.101472025,585852,2,27,0,1092,1121,33,1,671
820,3695363.0,3695905.0,26.10206865625,586927,0,45,1,0,46,0,0,672
821,3695307.0,3695878.0,26.10137833125,573126,4,49,1,13793,13847,394,12,652
822,3695294.0,3695890.0,26.10086106875,584626,0,49,0,2298,2347,65,2,667
823,3695320.0,3695888.0,26.10143206875,578729,2,34,2,8206,8244,228,7,646
824,3695363.0,3695905.0,26.10206865625,586927,0,44,2,0,46,0,0,681
825,3695327.0,3695901.0,26.1012719875,585823,7,50,0,1093,1150,33,1,662
826,3695363.0,3695905.0,26.10206865625,586925,1,44,3,0,48,0,0,659
827,3695323.0,3695887.0,26.101302275,585795,0,53,2,1123,1178,33,1,694
828,3695363.0,3695905.0,26.10206865625,586919,1,53,0,0,54,0,0,649
829,3695336.0,3695892.0,26.101395843749998,580299,0,52,0,6622,6674,195,6,628
830,3695341.0,3695902.0,26.10130203125,578929,0,42,2,8000,8044,228,7,677
831,3695347.0,3695903.0,26.10131776875,582322,0,38,2,4611,4651,130,4,637
832,3695363.0,3695905.0,26.10206865625,586924,3,45,1,0,49,0,0,663
833,3695355.0,3695901.0,26.10141336875,583525,0,40,0,3408,3448,97,3,638
834,3695272.0,3695877.0,26.100955125,579924,0,63,1,6985,7049,195,6,689
835,3695331.0,3695900.0,26.10127413125,576397,0,36,3,10537,10576,294,9,673
836,3695257.0,3695869.0,26.1009087625,585719,1,41,1,1211,1254,33,1,661
837,3695327.0,3695900.0,26.10154091875,577802,0,48,1,9122,9171,261,8,635
838,3695283.0,3695877.0,26.10103166875,576155,0,38,2,10778,10818,294,9,675
839,3695363.0,3695905.0,26.10206865625,586921,0,50,2,0,52,0,0,684
840,3695329.0,3695893.0,26.10116888125,573203,0,43,0,13727,13770,394,12,658
841,3695309.0,3695900.0,26.101303568749998,581367,0,53,0,5553,5606,162,5,670
842,3695322.0,3695900.0,26.10143948125,581187,0,37,1,5748,5786,162,5,646
843,3695339.0,3695884.0,26.10128104375,585757,1,34,0,1181,1216,33,1,669
844,3695302.0,3695893.0,26.1014347125,578944,1,51,3,7974,8029,228,7,673
845,3695354.0,3695907.0,26.1015839625,573081,0,42,0,13850,13892,394,12,672
846,3695246.0,3695886.0,26.101268525,573026,0,37,1,13909,13947,394,12,645
847,3695332.0,3695892.0,26.10114348125,578712,0,46,1,8214,8261,228,7,680
848,3695325.0,3695901.0,26.101180075,576662,0,61,2,10248,10311,294,9,690
849,3695363.0,3695905.0,26.10206865625,586928,1,43,1,0,45,0,0,633
850,3695329.0,3695904.0,26.1014032125,582261,0,52,3,4657,4712,130,4,680
851,3695326.0,3695888.0,26.10122585625,575353,0,59,0,11561,11620,327,10,668
852,3695363.0,3695905.0,26.10206865625,586932,0,41,0,0,41,0,0,656
853,3695348.0,3695907.0,26.1013902375,584567,0,62,1,2343,2406,65,2,713
854,3695363.0,3695905.0,26.10206865625,586925,1,46,1,0,48,0,0,692
855,3695258.0,3695881.0,26.10134971875,582193,0,51,2,4727,4780,130,4,664
856,3695328.0,3695899.0,26.101187106250002,582387,3,52,1,4530,4586,130,4,700
857,3695265.0,3695890.0,26.101346262499998,584721,1,50,2,2199,2252,65,2,687
858,3695323.0,3695870.0,26.10095835625,584566,1,64,1,2341,2407,65,2,684
859,3695363.0,3695905.0,26.10206865625,586932,1,39,1,0,41,0,0,696
860,3695318.0,3695885.0,26.1010320125,580050,2,54,1,6866,6923,195,6,680
861,3695323.0,3695888.0,26.10117864375,575350,0,33,1,11589,11623,327,10,673
862,3695308.0,3695891.0,26.10096646875,581077,0,49,1,5846,5896,162,5,657
863,3695339.0,3695898.0,26.1012349125,581277,0,42,1,5653,5696,162,5,631
864,3695354.0,3695902.0,26.10125363125,575234,4,46,5,11684,11739,327,10,684
865,3695363.0,3695905.0,26.10206865625,586929,0,43,1,0,44,0,0,670
866,3695332.0,3695903.0,26.101418975,578993,0,41,3,7936,7980,228,7,645
867,3695308.0,3695907.0,26.10118448125,575607,0,43,3,11320,11366,327,10,688
868,3695363.0,3695905.0,26.10206865625,586930,0,42,1,0,43,0,0,684
869,3695363.0,3695905.0,26.10206865625,586934,0,38,1,0,39,0,0,695
870,3695331.0,3695893.0,26.10131288125,585695,2,54,1,1221,1278,33,1,685
871,3695363.0,3695905.0,26.10206865625,586911,1,61,0,0,62,0,0,718
872,3695318.0,3695890.0,26.10102975625,571983,2,44,1,14943,14990,427,13,658
873,3695325.0,3695898.0,26.1011188125,571922,1,53,1,14996,15051,427,13,640
874,3695296.0,3695894.0,26.10134304375,584622,0,33,0,2318,2351,65,2,659
875,3695292.0,3695893.0,26.10125815625,578714,0,47,2,8210,8259,228,7,684
876,3695336.0,3695898.0,26.1013002375,584599,1,50,1,2322,2374,65,2,703
877,3695331.0,3695908.0,26.1013804625,578653,0,59,0,8261,8320,228,7,671
878,3695363.0,3695905.0,26.10206865625,586933,0,39,1,0,40,0,0,679
879,3695333.0,3695904.0,26.101056687499998,571922,1,45,4,15001,15051,427,13,700
880,3695315.0,3695903.0,26.10103189375,583410,0,58,2,3503,3563,97,3,677
881,3695316.0,3695885.0,26.10125385625,584666,1,51,2,2253,2307,65,2,669
882,3695328.0,3695898.0,26.10125421875,578949,0,52,2,7970,8024,228,7,680
883,3695363.0,3695905.0,26.10206865625,586937,1,34,1,0,36,0,0,707
884,3695363.0,3695905.0,26.10206865625,586912,0,60,1,0,61,0,0,685
885,3695338.0,3695902.0,26.10155189375,575899,2,45,0,11027,11074,327,10,651
886,3695329.0,3695885.0,26.1010229625,585689,0,54,3,1227,1284,33,1,653
887,3695322.0,3695890.0,26.1012435,583433,1,53,3,3483,3540,97,3,686
888,3695345.0,3695900.0,26.101439125,584513,1,42,3,2414,2460,65,2,675
889,3695363.0,3695905.0,26.10206865625,586909,0,60,4,0,64,0,0,707
890,3695264.0,3695884.0,26.10120369375,580020,1,38,3,6911,6953,195,6,686
891,3695363.0,3695905.0,26.10206865625,586923,0,48,2,0,50,0,0,647
892,3695343.0,3695897.0,26.101454375,575203,0,43,1,11726,11770,327,10,667
893,3695322.0,3695903.0,26.10114515,576338,4,41,4,10586,10635,294,9,642
894,3695341.0,3695896.0,26.10131811875,576348,1,48,2,10574,10625,294,9,662
895,3695310.0,3695874.0,26.1012187,573033,0,53,0,13887,13940,394,12,668
896,3695327.0,3695887.0,26.101346725,585692,0,45,1,1235,1281,33,1,655
897,3695336.0,3695894.0,26.101313349999998,575646,0,52,5,11270,11327,327,10,695
898,3695332.0,3695902.0,26.10119735625,582193,0,38,3,4739,4780,130,4,696
899,3695303.0,3695892.0,26.1012318,571108,0,43,5,15817,15865,461,14,655
900,3695318.0,3695892.0,26.10120783125,576581,0,26,1,10365,10392,294,9,644
901,3695294.0,3695883.0,26.1012271625,578533,0,54,2,8384,8440,228,7,691
902,3695363.0,3695905.0,26.10206865625,586912,0,56,5,0,61,0,0,685
903,3695321.0,3695883.0,26.1011390625,582238,0,44,3,4688,4735,130,4,651
904,3695330.0,3695896.0,26.1010729,578819,0,50,0,8104,8154,228,7,661
905,3695321.0,3695893.0,26.1014046625,574175,3,44,0,12751,12798,360,11,679
906,3695363.0,3695905.0,26.10206865625,586919,0,53,1,0,54,0,0,688
907,3695363.0,3695905.0,26.10206865625,586922,3,48,0,0,51,0,0,697
908,3695363.0,3695905.0,26.10206865625,586929,0,41,3,0,44,0,0,654
909,3695335.0,3695896.0,26.101358525,576767,1,43,0,10162,10206,294,9,686
910,3695307.0,3695907.0,26.10150240625,585707,0,56,1,1209,1266,33,1,673
911,3695363.0,3695905.0,26.10206865625,586919,1,53,0,0,54,0,0,639
912,3695363.0,3695905.0,26.10206865625,586932,0,40,1,0,41,0,0,682
913,3695328.0,3695898.0,26.1012740125,583608,0,50,2,3313,3365,97,3,688
914,3695324.0,3695899.0,26.10134660625,584450,1,51,2,2469,2523,65,2,683
915,3695363.0,3695905.0,26.10206865625,586924,1,48,0,0,49,0,0,664
916,3695316.0,3695881.0,26.101226575,584612,2,62,3,2294,2361,65,2,686
917,3695316.0,3695892.0,26.1012262,583627,3,48,2,3293,3346,97,3,673
918,3695321.0,3695893.0,26.1012214375,585833,0,64,1,1075,1140,33,1,661
919,3695297.0,3695879.0,26.1011492,578908,0,61,2,8002,8065,228,7,669
920,3695363.0,3695905.0,26.10206865625,586915,2,54,2,0,58,0,0,706
921,3695363.0,3695905.0,26.10206865625,586918,0,54,1,0,55,0,0,627
922,3695335.0,3695890.0,26.1013627,582463,0,67,1,4442,4510,130,4,713
923,3695363.0,3695905.0,26.10206865625,586923,1,48,1,0,50,0,0,654
924,3695303.0,3695872.0,26.10114645,581416,0,50,3,5504,5557,162,5,664
925,3695325.0,3695903.0,26.101372125,575265,0,56,2,11650,11708,327,10,661
926,3695324.0,3695899.0,26.10127579375,579900,4,45,3,7021,7073,195,6,700
927,3695310.0,3695886.0,26.100892175,577836,0,46,0,9091,9137,261,8,671
928,3695304.0,3695872.0,26.10107733125,580184,0,39,2,6748,6789,195,6,660
929,3695363.0,3695905.0,26.10206865625,586914,0,58,1,0,59,0,0,667
930,3695324.0,3695906.0,26.1014249375,585871,0,40,3,1059,1102,33,1,683
931,3695363.0,3695905.0,26.10206865625,586928,1,43,1,0,45,0,0,705
932,3695363.0,3695905.0,26.10206865625,586924,3,44,2,0,49,0,0,705
933,3695363.0,3695905.0,26.10206865625,586922,0,49,2,0,51,0,0,718
934,3695363.0,3695905.0,26.10206865625,586908,7,53,5,0,65,0,0,714
935,3695341.0,3695893.0,26.10138189375,585866,0,43,1,1063,1107,33,1,694
936,3695312.0,3695877.0,26.10102651875,580080,1,53,1,6838,6893,195,6,679
937,3695331.0,3695893.0,26.10129808125,583508,2,52,2,3409,3465,97,3,657
938,3695297.0,3695882.0,26.10104835,580956,3,41,2,5971,6017,162,5,655
939,3695345.0,3695902.0,26.10141335625,581071,0,48,1,5853,5902,162,5,634
940,3695313.0,3695887.0,26.1010017375,577859,0,49,2,9063,9114,261,8,690
941,3695327.0,3695890.0,26.101121075,584621,0,49,1,2302,2352,65,2,643
942,3695352.0,3695906.0,26.1014485375,582262,0,53,1,4657,4711,130,4,690
943,3695305.0,3695878.0,26.10131620625,585755,0,38,2,1178,1218,33,1,695
944,3695363.0,3695905.0,26.10206865625,586936,1,35,1,0,37,0,0,714
945,3695363.0,3695905.0,26.10206865625,586923,0,47,3,0,50,0,0,655
946,3695363.0,3695905.0,26.10206865625,586922,0,50,1,0,51,0,0,668
947,3695339.0,3695884.0,26.10128104375,585743,0,46,3,1181,1230,33,1,714
948,3695363.0,3695905.0,26.10206865625,586921,0,51,1,0,52,0,0,684
949,3695363.0,3695905.0,26.10206865625,586909,3,58,3,0,64,0,0,674
950,3695347.0,3695898.0,26.10104383125,571145,0,47,2,15779,15828,461,14,651
951,3695363.0,3695905.0,26.10206865625,586911,4,57,1,0,62,0,0,689
952,3695353.0,3695905.0,26.1017315375,569856,0,47,2,17068,17117,495,15,629
953,3695331.0,3695896.0,26.1012399125,572874,0,41,1,14057,14099,394,12,651
954,3695319.0,3695886.0,26.101275318749998,571829,0,35,3,15106,15144,427,13,694
955,3695318.0,3695901.0,26.1011562375,574803,4,36,3,12127,12170,360,11,632
956,3695282.0,3695859.0,26.1010450125,577960,1,46,4,8962,9013,261,8,682
957,3695338.0,3695901.0,26.101343262500002,581272,0,50,1,5650,5701,162,5,670
959,3695363.0,3695905.0,26.10206865625,586922,0,51,0,0,51,0,0,682
960,3695312.0,3695900.0,26.101034175,585781,2,56,2,1132,1192,33,1,643
961,3695363.0,3695905.0,26.10206865625,586903,2,68,0,0,70,0,0,719
962,3695363.0,3695905.0,26.10206865625,586928,2,42,1,0,45,0,0,688
963,3695363.0,3695905.0,26.10206865625,586926,0,46,1,0,47,0,0,686
964,3695332.0,3695903.0,26.10132288125,583302,1,49,5,3616,3671,97,3,677
965,3695323.0,3695885.0,26.10123443125,580932,0,52,1,5988,6041,162,5,693
966,3695329.0,3695883.0,26.10119318125,572183,0,52,2,14736,14790,427,13,666
967,3695295.0,3695885.0,26.10107850625,584640,1,41,2,2289,2333,65,2,653
968,3695351.0,3695906.0,26.10132134375,575465,0,41,0,11467,11508,327,10,648
969,3695322.0,3695892.0,26.10107515625,578973,0,57,2,7941,8000,228,7,673
970,3695363.0,3695905.0,26.10206865625,586905,2,61,5,0,68,0,0,696
971,3695363.0,3695905.0,26.10206865625,586926,0,47,0,0,47,0,0,698
972,3695318.0,3695889.0,26.10108744375,580987,0,44,3,5939,5986,162,5,661
973,3695327.0,3695890.0,26.10135294375,570190,1,49,3,16730,16783,495,15,691
974,3695334.0,3695893.0,26.101258275,581290,0,51,1,5631,5683,162,5,674
975,3695329.0,3695895.0,26.10152530625,577638,0,37,2,9296,9335,261,8,698
976,3695363.0,3695905.0,26.10206865625,586930,1,40,2,0,43,0,0,696
977,3695316.0,3695890.0,26.10116755625,570008,2,45,3,16915,16965,495,15,684
978,3695344.0,3695890.0,26.10156930625,581232,0,58,2,5681,5741,162,5,688
979,3695363.0,3695905.0,26.10206865625,586931,0,42,0,0,42,0,0,656
980,3695363.0,3695905.0,26.10206865625,586923,0,49,1,0,50,0,0,652
981,3695363.0,3695905.0,26.10206865625,586932,0,40,1,0,41,0,0,660
982,3695363.0,3695905.0,26.10206865625,586925,0,48,0,0,48,0,0,681
983,3695331.0,3695891.0,26.10101485,574470,0,36,0,12467,12503,360,11,636
984,3695289.0,3695867.0,26.10112440625,579964,0,45,1,6963,7009,195,6,638
985,3695324.0,3695891.0,26.101071825,583282,0,45,4,3642,3691,97,3,690
986,3695322.0,3695903.0,26.1012534,576634,0,40,2,10297,10339,294,9,627
987,3695363.0,3695905.0,26.10206865625,586932,0,40,1,0,41,0,0,657
988,3695341.0,3695891.0,26.10155189375,581403,1,44,1,5524,5570,162,5,700
989,3695363.0,3695905.0,26.10206865625,586904,0,64,5,0,69,0,0,658
990,3695328.0,3695903.0,26.1012229875,582482,0,52,3,4436,4491,130,4,662
991,3695298.0,3695862.0,26.10105990625,577720,0,46,1,9206,9253,261,8,699
992,3695316.0,3695901.0,26.10122191875,582415,1,59,1,4497,4558,130,4,697
993,3695314.0,3695894.0,26.10121478125,582627,0,52,0,4294,4346,130,4,681
994,3695331.0,3695899.0,26.101250275,583411,0,49,1,3512,3562,97,3,687
995,3695363.0,3695905.0,26.10206865625,586919,0,52,2,0,54,0,0,682
996,3695363.0,3695905.0,26.10206865625,586935,2,35,1,0,38,0,0,707
997,3695314.0,3695887.0,26.101078625,585761,0,45,1,1166,1212,33,1,680
998,3695315.0,3695903.0,26.10142956875,583459,0,52,0,3462,3514,97,3,637
999,3695325.0,3695893.0,26.1014751125,582569,0,42,2,4360,4404,130,4,698
1000,3695363.0,3695905.0,26.10206865625,586938,0,35,0,0,35,0,0,644
1001,3695318.0,3695905.0,26.1009595375,582369,0,46,2,4556,4604,130,4,681
1002,3695363.0,3695905.0,26.10206865625,586907,0,65,1,0,66,0,0,708
1003,3695363.0,3695905.0,26.10206865625,586929,0,42,2,0,44,0,0,666
1004,3695363.0,3695905.0,26.10206865625,586927,1,45,0,0,46,0,0,661
1005,3695291.0,3695870.0,26.1011073625,585688,0,46,2,1237,1285,33,1,657
1006,3695320.0,3695890.0,26.1012066625,585847,1,44,3,1078,1126,33,1,693
1007,3695351.0,3695901.0,26.10118996875,575756,0,52,1,11164,11217,327,10,674
1008,3695338.0,3695902.0,26.101531375,580003,2,49,1,6918,6970,195,6,689
1009,3695326.0,3695891.0,26.1011886625,582309,2,53,1,4608,4664,130,4,686
1010,3695304.0,3695882.0,26.1008759625,577932,0,51,0,8990,9041,261,8,707
1011,3695363.0,3695905.0,26.10206865625,586917,0,54,2,0,56,0,0,662
1012,3695340.0,3695907.0,26.1012549375,584633,0,30,0,2310,2340,65,2,670
1013,3695289.0,3695882.0,26.1011188125,580015,0,33,2,6923,6958,195,6,652
1014,3695363.0,3695905.0,26.10206865625,586922,1,48,2,0,51,0,0,723
1015,3695345.0,3695893.0,26.1013183625,579890,0,53,3,7027,7083,195,6,681
1016,3695318.0,3695894.0,26.101163737500002,582406,0,57,4,4506,4567,130,4,653
1017,3695363.0,3695905.0,26.10206865625,586930,0,42,1,0,43,0,0,674
1018,3695328.0,3695900.0,26.10105300625,583450,0,29,2,3492,3523,97,3,682
1019,3695341.0,3695900.0,26.1011277375,583620,0,33,1,3319,3353,97,3,659
1020,3695340.0,3695898.0,26.10139440625,582382,0,45,1,4545,4591,130,4,683
1021,3695341.0,3695901.0,26.1013196625,576841,0,58,1,10073,10132,294,9,675
1022,3695277.0,3695890.0,26.10112249375,572972,0,47,4,13950,14001,394,12,665
1023,3695271.0,3695904.0,26.101168625,585831,0,53,1,1088,1142,33,1,666
1024,3695342.0,3695890.0,26.10157966875,585803,0,45,0,1125,1170,33,1,674
1025,3695297.0,3695866.0,26.1012637625,575608,0,39,0,11326,11365,327,10,665
1026,3695326.0,3695887.0,26.101247775,576791,2,46,3,10131,10182,294,9,690
1027,3695327.0,3695903.0,26.10135924375,579890,0,40,0,7043,7083,195,6,671
1028,3695363.0,3695905.0,26.10206865625,586924,0,46,3,0,49,0,0,663
1029,3695326.0,3695905.0,26.10149085,574518,0,55,3,12397,12455,360,11,669
1030,3695363.0,3695905.0,26.10206865625,586933,1,36,3,0,40,0,0,666
1031,3695331.0,3695898.0,26.10147785,577669,1,69,4,9230,9304,261,8,705
1032,3695363.0,3695905.0,26.10206865625,586898,2,70,3,0,75,0,0,689
1033,3695327.0,3695913.0,26.1013137125,585809,0,46,5,1113,1164,33,1,657
1034,3695335.0,3695900.0,26.1013416125,578930,1,43,2,7997,8043,228,7,680
1035,3695333.0,3695900.0,26.101285700000002,580288,0,44,2,6639,6685,195,6,653
1036,3695345.0,3695903.0,26.10144495625,581084,0,47,4,5838,5889,162,5,663
1037,3695302.0,3695893.0,26.10128771875,581143,1,50,0,5779,5830,162,5,642
1038,3695363.0,3695905.0,26.10206865625,586934,1,37,1,0,39,0,0,708
1039,3695311.0,3695891.0,26.10123979375,583505,2,47,2,3417,3468,97,3,676
1040,3695325.0,3695900.0,26.10121654375,575275,1,33,0,11664,11698,327,10,643
1041,3695294.0,3695897.0,26.10114288125,582604,0,62,2,4305,4369,130,4,679
1042,3695334.0,3695904.0,26.10125565625,582280,0,57,3,4633,4693,130,4,690
1043,3695276.0,3695849.0,26.10095523125,585849,0,46,0,1078,1124,33,1,664
1044,3695363.0,3695905.0,26.10206865625,586933,0,40,0,0,40,0,0,676
1045,3695302.0,3695900.0,26.1011230875,580951,2,52,1,5967,6022,162,5,632
1046,3695363.0,3695905.0,26.10206865625,586909,0,64,0,0,64,0,0,704
1047,3695318.0,3695894.0,26.1013675875,583438,2,62,1,3470,3535,97,3,710
1048,3695342.0,3695899.0,26.10122644375,580166,1,56,1,6749,6807,195,6,678
1049,3695298.0,3695888.0,26.10106586875,580161,0,73,2,6737,6812,195,6,695
1050,3695335.0,3695902.0,26.10126304375,576540,0,43,1,10389,10433,294,9,639
1051,3695271.0,3695908.0,26.101219175,583452,0,58,2,3461,3521,97,3,674
1052,3695333.0,3695901.0,26.10114049375,576664,0,59,3,10247,10309,294,9,647
1053,3695363.0,3695905.0,26.10206865625,586921,0,52,0,0,52,0,0,668
1054,3695363.0,3695905.0,26.10206865625,586917,0,54,2,0,56,0,0,667
1055,3695328.0,3695903.0,26.10123264375,582512,1,54,1,4405,4461,130,4,677
1056,3695308.0,3695889.0,26.1010568125,581104,0,53,1,5815,5869,162,5,690
1057,3695340.0,3695903.0,26.1014337625,581354,2,49,1,5567,5619,162,5,691
1058,3695363.0,3695905.0,26.10206865625,586918,0,53,2,0,55,0,0,681
1059,3695283.0,3695877.0,26.1011095,576495,0,54,3,10421,10478,294,9,640
1060,3695321.0,3695904.0,26.101252075,585720,0,33,1,1219,1253,33,1,720
1061,3695321.0,3695904.0,26.10117710625,580097,0,58,1,6817,6876,195,6,619
1062,3695339.0,3695899.0,26.1014198125,579838,0,51,2,7082,7135,195,6,682
1063,3695325.0,3695889.0,26.1012488625,577751,0,40,2,9180,9222,261,8,664
1064,3695307.0,3695908.0,26.10132183125,580919,0,59,0,5995,6054,162,5,670
1065,3695311.0,3695888.0,26.10114634375,584686,0,59,2,2226,2287,65,2,671
1066,3695330.0,3695905.0,26.10128403125,585763,0,57,1,1152,1210,33,1,672
1067,3695323.0,3695879.0,26.10133099375,577843,0,37,1,9092,9130,261,8,676
1068,3695345.0,3695906.0,26.10121465,585882,0,49,1,1041,1091,33,1,642
1069,3695363.0,3695905.0,26.10206865625,586920,0,51,2,0,53,0,0,653
1070,3695363.0,3695905.0,26.10206865625,586923,1,48,1,0,50,0,0,681
1071,3695303.0,3695902.0,26.101191512499998,580207,0,54,1,6711,6766,195,6,668
1072,3695290.0,3695889.0,26.1013565,585776,0,37,2,1158,1197,33,1,672
1073,3695325.0,3695888.0,26.10121965,578746,0,64,1,8162,8227,228,7,700
1074,3695363.0,3695905.0,26.10206865625,586921,0,51,1,0,52,0,0,693
1075,3695310.0,3695894.0,26.1013523375,571990,0,60,3,14920,14983,427,13,677
1076,3695345.0,3695902.0,26.10142015625,584700,1,60,5,2207,2273,65,2,687
1077,3695338.0,3695907.0,26.10128939375,577528,1,55,2,9387,9445,261,8,644
1078,3695336.0,3695897.0,26.10136150625,585797,0,46,0,1130,1176,33,1,718
1079,3695276.0,3695888.0,26.10102785625,583423,0,49,1,3500,3550,97,3,640
1080,3695323.0,3695885.0,26.10128295,571924,0,51,2,14996,15049,427,13,658
1081,3695346.0,3695898.0,26.10148154375,578910,3,56,2,8002,8063,228,7,672
1082,3695311.0,3695883.0,26.101406925,585714,0,58,1,1200,1259,33,1,703
1083,3695363.0,3695905.0,26.10206865625,586922,0,51,0,0,51,0,0,689
1084,3695319.0,3695885.0,26.10120248125,583590,0,36,1,3346,3383,97,3,684
1085,3695319.0,3695901.0,26.101464625000002,580064,2,47,2,6858,6909,195,6,682
1086,3695317.0,3695882.0,26.1012130875,580053,0,54,2,6864,6920,195,6,679
1087,3695283.0,3695895.0,26.1011276125,585773,1,36,1,1162,1200,33,1,653
1088,3695322.0,3695892.0,26.101210362499998,583337,0,45,0,3591,3636,97,3,640
1089,3695304.0,3695890.0,26.1010943625,585863,0,45,2,1063,1110,33,1,689
1090,3695316.0,3695897.0,26.10118066875,577598,0,54,0,9321,9375,261,8,656
1091,3695363.0,3695905.0,26.10206865625,586919,1,52,1,0,54,0,0,679
1092,3695363.0,3695905.0,26.10206865625,586924,0,46,3,0,49,0,0,681
1093,3695363.0,3695905.0,26.10206865625,586933,1,36,3,0,40,0,0,701
1094,3695314.0,3695898.0,26.10106325625,584602,0,40,2,2329,2371,65,2,692
1095,3695314.0,3695895.0,26.10114669375,584724,0,40,4,2205,2249,65,2,684
1096,3695363.0,3695905.0,26.10206865625,586927,2,40,4,0,46,0,0,674
1097,3695318.0,3695891.0,26.10099255625,585789,0,54,1,1129,1184,33,1,677
1098,3695363.0,3695905.0,26.10206865625,586925,0,46,2,0,48,0,0,659
1099,3695314.0,3695894.0,26.10135876875,577687,1,55,2,9228,9286,261,8,665
1100,3695344.0,3695911.0,26.10154020625,572341,0,47,2,14583,14632,427,13,647
1101,3695331.0,3695896.0,26.1008723875,572587,1,42,2,14341,14386,427,13,645
1102,3695363.0,3695905.0,26.10206865625,586917,0,52,4,0,56,0,0,653
1103,3695346.0,3695905.0,26.1016479625,573123,0,64,0,13786,13850,394,12,658
1104,3695330.0,3695908.0,26.10143565625,581197,1,46,0,5729,5776,162,5,665
1105,3695363.0,3695905.0,26.10206865625,586923,0,50,0,0,50,0,0,674
1106,3695273.0,3695881.0,26.10129118125,579076,0,50,1,7846,7897,228,7,685
1107,3695363.0,3695905.0,26.10206865625,586929,1,43,0,0,44,0,0,667
1108,3695282.0,3695884.0,26.10114158125,579935,0,57,3,6978,7038,195,6,672
1109,3695266.0,3695860.0,26.10111426875,575230,1,52,2,11688,11743,327,10,667
1110,3695363.0,3695905.0,26.10206865625,586911,0,59,3,0,62,0,0,709
1111,3695363.0,3695905.0,26.10206865625,586918,2,52,1,0,55,0,0,672
1112,3695330.0,3695898.0,26.1013217,584658,0,47,2,2266,2315,65,2,674
1113,3695329.0,3695890.0,26.10110830625,583283,0,41,2,3647,3690,97,3,653
1114,3695328.0,3695887.0,26.1011271375,583402,0,41,1,3529,3571,97,3,714
1115,3695339.0,3695904.0,26.101316325,580150,0,44,1,6778,6823,195,6,654
1116,3695315.0,3695883.0,26.10118294375,581181,2,62,4,5724,5792,162,5,685
1117,3695302.0,3695904.0,26.1012338375,576631,0,63,1,10278,10342,294,9,693
1118,3695333.0,3695890.0,26.10140930625,580003,1,37,2,6930,6970,195,6,660
1119,3695363.0,3695905.0,26.10206865625,586934,0,38,1,0,39,0,0,666
1120,3695333.0,3695884.0,26.10144971875,585830,4,52,3,1084,1143,33,1,682
1121,3695305.0,3695874.0,26.10118591875,581393,1,45,1,5533,5580,162,5,673
1122,3695338.0,3695890.0,26.101054425,583571,0,42,1,3359,3402,97,3,655
1123,3695363.0,3695905.0,26.10206865625,586936,0,36,1,0,37,0,0,686
1124,3695324.0,3695899.0,26.10138844375,585845,0,44,5,1079,1128,33,1,686
1125,3695363.0,3695905.0,26.10206865625,586917,0,52,4,0,56,0,0,689
1126,3695288.0,3695897.0,26.10083043125,570901,0,36,1,16035,16072,461,14,666
1127,3695357.0,3695907.0,26.10129714375,585849,0,68,0,1056,1124,33,1,677
1128,3695322.0,3695901.0,26.10154163125,585834,0,57,2,1080,1139,33,1,703
1129,3695363.0,3695905.0,26.10206865625,586930,0,40,3,0,43,0,0,672
1130,3695296.0,3695894.0,26.10134304375,584593,1,61,0,2318,2380,65,2,672
1131,3695333.0,3695895.0,26.10135365,574309,0,51,0,12613,12664,360,11,644
1132,3695314.0,3695895.0,26.10074256875,571541,1,49,4,15378,15432,427,13,676
1133,3695317.0,3695878.0,26.10130955,569982,0,51,1,16939,16991,495,15,635
1134,3695316.0,3695904.0,26.10105908125,580015,0,56,3,6899,6958,195,6,640
1135,3695283.0,3695890.0,26.10118424375,577357,2,52,1,9561,9616,261,8,674
1136,3695326.0,3695901.0,26.10141491875,584687,0,49,2,2235,2286,65,2,699
1137,3695327.0,3695893.0,26.10127031875,571979,1,46,3,14944,14994,427,13,671
1138,3695363.0,3695905.0,26.10206865625,586908,1,63,1,0,65,0,0,656
1139,3695331.0,3695906.0,26.1014111,569895,0,48,1,17029,17078,495,15,650
1140,3695290.0,3695888.0,26.101418975,578997,0,42,0,7934,7976,228,7,679
1141,3695301.0,3695912.0,26.101268525000002,569235,2,55,1,17680,17738,495,15,674
1142,3695267.0,3695872.0,26.101192474999998,581324,1,40,2,5606,5649,162,5,673
1143,3695302.0,3695891.0,26.101228825,580009,1,68,0,6895,6964,195,6,707
1144,3695342.0,3695897.0,26.1013522125,578761,0,50,3,8159,8212,228,7,652
1145,3695305.0,3695877.0,26.101050725,574341,1,45,0,12586,12632,360,11,693
1146,3695363.0,3695905.0,26.10206865625,586922,0,51,0,0,51,0,0,682
1147,3695296.0,3695902.0,26.10134851875,584646,1,54,3,2269,2327,65,2,704
1148,3695290.0,3695859.0,26.101080775,579133,0,37,3,7800,7840,228,7,697
1149,3695363.0,3695905.0,26.10206865625,586928,2,38,5,0,45,0,0,683
1150,3695363.0,3695905.0,26.10206865625,586916,6,50,1,0,57,0,0,693
1151,3695314.0,3695900.0,26.10128866875,578896,0,43,3,8031,8077,228,7,705
1152,3695329.0,3695904.0,26.1014354125,585842,0,43,2,1086,1131,33,1,659
1153,3695333.0,3695902.0,26.10130918125,582311,0,32,3,4627,4662,130,4,657
1154,3695363.0,3695905.0,26.10206865625,586919,0,52,2,0,54,0,0,657
1155,3695340.0,3695902.0,26.10136878125,585748,1,66,1,1157,1225,33,1,679
1156,3695363.0,3695905.0,26.10206865625,586922,0,47,4,0,51,0,0,670
1157,3695290.0,3695887.0,26.101248375,575740,0,46,2,11185,11233,327,10,666
1158,3695316.0,3695897.0,26.10122143125,585878,0,50,4,1041,1095,33,1,677
1159,3695326.0,3695892.0,26.10146343125,585829,0,45,2,1097,1144,33,1,648
1160,3695363.0,3695905.0,26.10206865625,586918,0,50,5,0,55,0,0,706
1161,3695329.0,3695893.0,26.1011554,585738,0,58,3,1174,1235,33,1,706
1162,3695363.0,3695905.0,26.10206865625,586925,0,48,0,0,48,0,0,708
1163,3695363.0,3695905.0,26.10206865625,586936,1,34,2,0,37,0,0,686
1164,3695363.0,3695905.0,26.10206865625,586933,0,40,0,0,40,0,0,682
1165,3695298.0,3695896.0,26.1013227625,583510,0,39,1,3423,3463,97,3,665
1166,3695363.0,3695905.0,26.10206865625,586921,0,51,1,0,52,0,0,660
1167,3695363.0,3695905.0,26.10206865625,586933,0,39,1,0,40,0,0,686
1168,3695315.0,3695894.0,26.10091829375,582394,1,45,1,4532,4579,130,4,685
1169,3695325.0,3695900.0,26.10133005,574366,0,48,3,12556,12607,360,11,666
1170,3695322.0,3695901.0,26.10122930625,580934,0,58,2,5979,6039,162,5,689
1171,3695323.0,3695900.0,26.10138474375,575071,1,42,3,11856,11902,327,10,669
1172,3695349.0,3695901.0,26.1013206125,576784,0,48,0,10141,10189,294,9,668
1173,3695292.0,3695864.0,26.10123980625,571144,0,53,0,15776,15829,461,14,625
1175,3695301.0,3695878.0,26.10129523125,571825,1,44,2,15101,15148,427,13,619
1176,3695323.0,3695877.0,26.100971825,584382,0,48,2,2541,2591,65,2,672
1177,3695285.0,3695895.0,26.10105049375,583470,2,55,2,3444,3503,97,3,699
1178,3695351.0,3695899.0,26.101269000000002,569896,1,42,2,17032,17077,495,15,642
1179,3695363.0,3695905.0,26.10206865625,586913,0,60,0,0,60,0,0,674
1180,3695328.0,3695904.0,26.1011474,574174,0,41,1,12757,12799,360,11,655
1181,3695348.0,3695900.0,26.10133398125,573243,0,38,2,13690,13730,394,12,653
1182,3695315.0,3695890.0,26.10121070625,572061,0,48,1,14863,14912,427,13,646
1183,3695297.0,3695902.0,26.1012021375,577530,2,56,1,9384,9443,261,8,680
1184,3695363.0,3695905.0,26.10206865625,586929,2,42,0,0,44,0,0,705
1185,3695314.0,3695905.0,26.1011000875,581137,0,56,3,5777,5836,162,5,688
1186,3695337.0,3695903.0,26.1013455375,584567,0,41,0,2365,2406,65,2,670
1187,3695346.0,3695899.0,26.101461037500002,583416,2,53,2,3500,3557,97,3,704
1188,3695363.0,3695905.0,26.10206865625,586929,2,41,1,0,44,0,0,659
1189,3695305.0,3695898.0,26.1013630625,578954,0,47,0,7972,8019,228,7,670
1190,3695363.0,3695905.0,26.10206865625,586927,0,43,3,0,46,0,0,663
1191,3695326.0,3695895.0,26.1012167875,579931,0,51,0,6991,7042,195,6,658
1192,3695341.0,3695906.0,26.1013448125,572071,1,48,3,14850,14902,427,13,644
1193,3695326.0,3695885.0,26.10127495625,581525,2,25,1,5420,5448,162,5,645
1194,3695308.0,3695897.0,26.10128055,581365,0,50,1,5557,5608,162,5,667
1195,3695338.0,3695909.0,26.10153686875,583722,0,41,1,3209,3251,97,3,624
1196,3695334.0,3695903.0,26.1012808125,571977,0,53,2,14941,14996,427,13,675
1197,3695363.0,3695905.0,26.10206865625,586922,5,44,2,0,51,0,0,671
1198,3695333.0,3695902.0,26.10119710625,585678,0,58,1,1236,1295,33,1,643
1199,3695306.0,3695888.0,26.10144424375,582319,1,40,2,4611,4654,130,4,654
1200,3695317.0,3695895.0,26.10120486875,581315,0,45,1,5612,5658,162,5,647
1201,3695341.0,3695902.0,26.10142921875,574362,2,48,1,12560,12611,360,11,697
1202,3695363.0,3695905.0,26.10206865625,586912,1,57,3,0,61,0,0,715
1203,3695363.0,3695905.0,26.10206865625,586925,1,43,4,0,48,0,0,646
1204,3695323.0,3695906.0,26.1014343375,585715,3,60,0,1195,1258,33,1,697
1205,3695295.0,3695882.0,26.1009978,572027,1,57,1,14887,14946,427,13,670
1206,3695344.0,3695901.0,26.10151445625,578861,1,52,1,8058,8112,228,7,661
1207,3695309.0,3695897.0,26.10123931875,572130,0,60,0,14783,14843,427,13,633
1208,3695331.0,3695898.0,26.10111653125,585780,0,38,0,1155,1193,33,1,635
1209,3695325.0,3695891.0,26.1013892875,575587,0,44,1,11341,11386,327,10,692
1211,3695309.0,3695887.0,26.1012111875,584638,0,41,2,2292,2335,65,2,671
1212,3695363.0,3695905.0,26.10206865625,586921,0,51,1,0,52,0,0,672
1213,3695363.0,3695905.0,26.10206865625,586932,0,38,3,0,41,0,0,674
1214,3695363.0,3695905.0,26.10206865625,586925,2,44,2,0,48,0,0,698
1215,3695325.0,3695892.0,26.10122250625,583666,0,42,1,3264,3307,97,3,681
1216,3695326.0,3695895.0,26.10094655625,569892,2,30,2,17047,17081,495,15,661
1217,3695344.0,3695898.0,26.10157155625,575473,3,49,3,11445,11500,327,10,671
1218,3695363.0,3695905.0,26.10206865625,586929,0,44,0,0,44,0,0,673
1219,3695363.0,3695905.0,26.10206865625,586932,0,41,0,0,41,0,0,686
1220,3695363.0,3695905.0,26.10206865625,586936,0,36,1,0,37,0,0,710
1221,3695363.0,3695905.0,26.10206865625,586932,0,38,3,0,41,0,0,683
1224,3695293.0,3695876.0,26.101108325,570800,2,51,2,16118,16173,461,14,674
1225,3695363.0,3695905.0,26.10206865625,586914,0,59,0,0,59,0,0,690
1226,3695321.0,3695908.0,26.1013196625,576679,0,47,2,10245,10294,294,9,672
1227,3695363.0,3695905.0,26.10206865625,586927,1,45,0,0,46,0,0,692
1228,3695363.0,3695905.0,26.10206865625,586920,0,52,1,0,53,0,0,684
1229,3695363.0,3695905.0,26.10206865625,586933,0,38,2,0,40,0,0,661
1230,3695315.0,3695901.0,26.10127091875,581148,0,42,1,5782,5825,162,5,683
1231,3695307.0,3695895.0,26.10122131875,576292,0,50,5,10626,10681,294,9,686
1232,3695299.0,3695874.0,26.10116528125,578001,0,36,0,8936,8972,261,8,667
1233,3695363.0,3695905.0,26.10206865625,586924,0,48,1,0,49,0,0,673
1234,3695363.0,3695905.0,26.10206865625,586924,2,45,2,0,49,0,0,644
1235,3695363.0,3695905.0,26.10206865625,586919,0,50,4,0,54,0,0,640
1236,3695363.0,3695905.0,26.10206865625,586930,0,41,2,0,43,0,0,721
1237,3695329.0,3695893.0,26.10128009375,578912,0,44,1,8016,8061,228,7,649
1238,3695295.0,3695874.0,26.1011381125,576451,0,50,3,10469,10522,294,9,653
1239,3695303.0,3695877.0,26.10129665625,572089,0,41,0,14843,14884,427,13,653
1240,3695278.0,3695879.0,26.1012930875,581017,2,53,1,5900,5956,162,5,657
1241,3695314.0,3695904.0,26.1011525375,570830,0,43,1,16099,16143,461,14,641
1242,3695289.0,3695898.0,26.1011246625,582317,1,43,1,4611,4656,130,4,703
1243,3695311.0,3695899.0,26.1011755375,574779,2,47,3,12142,12194,360,11,675
1244,3695363.0,3695905.0,26.10206865625,586917,0,54,2,0,56,0,0,676
1245,3695312.0,3695888.0,26.10133480625,584637,0,40,3,2293,2336,65,2,678
1246,3695304.0,3695890.0,26.10114156875,572925,0,63,2,13983,14048,394,12,665
1247,3695363.0,3695905.0,26.10206865625,586921,0,49,3,0,52,0,0,699
1248,3695307.0,3695891.0,26.1012175,584546,0,43,2,2382,2427,65,2,680
1249,3695308.0,3695876.0,26.10116578125,581221,1,45,1,5705,5752,162,5,698
1250,3695307.0,3695881.0,26.101072425,580084,1,38,2,6848,6889,195,6,648
1251,3695363.0,3695905.0,26.10206865625,586923,0,49,1,0,50,0,0,670
1252,3695276.0,3695889.0,26.1012377625,573121,0,48,0,13804,13852,394,12,654
1253,3695326.0,3695883.0,26.1013147875,572887,0,35,1,14050,14086,394,12,671
1254,3695363.0,3695905.0,26.10206865625,586920,0,51,2,0,53,0,0,708
1255,3695330.0,3695897.0,26.1012963,578908,3,47,2,8013,8065,228,7,663
1256,3695363.0,3695905.0,26.10206865625,586921,2,50,0,0,52,0,0,718
1257,3695363.0,3695905.0,26.10206865625,586926,2,42,3,0,47,0,0,688
1258,3695363.0,3695905.0,26.10206865625,586918,0,55,0,0,55,0,0,696
1259,3695321.0,3695891.0,26.10109554375,582137,0,53,0,4783,4836,130,4,672
1260,3695320.0,3695898.0,26.1014540125,573104,0,52,1,13816,13869,394,12,647
1261,3695363.0,3695905.0,26.10206865625,586919,1,51,2,0,54,0,0,674
1262,3695363.0,3695905.0,26.10206865625,586925,0,46,2,0,48,0,0,706
1263,3695363.0,3695905.0,26.10206865625,586922,0,50,1,0,51,0,0,668
1264,3695363.0,3695905.0,26.10206865625,586924,4,45,0,0,49,0,0,673
1265,3695346.0,3695904.0,26.10140680625,585819,0,42,3,1109,1154,33,1,670
1266,3695363.0,3695905.0,26.10206865625,586926,0,46,1,0,47,0,0,690
1267,3695294.0,3695899.0,26.101420762500002,573230,2,27,1,13713,13743,394,12,686
1268,3695363.0,3695905.0,26.10206865625,586917,0,54,2,0,56,0,0,687
1269,3695335.0,3695896.0,26.10133945625,584632,0,56,1,2284,2341,65,2,685
1270,3695332.0,3695887.0,26.10137664375,584703,0,40,0,2230,2270,65,2,665
1271,3695304.0,3695890.0,26.1010943625,585848,2,56,4,1063,1125,33,1,680
1272,3695326.0,3695902.0,26.10127913125,577432,0,65,2,9474,9541,261,8,688
1273,3695304.0,3695881.0,26.1009368875,572806,0,57,2,14108,14167,394,12,670
1274,3695363.0,3695905.0,26.10206865625,586926,0,47,0,0,47,0,0,680
1275,3695306.0,3695888.0,26.1011196375,581242,4,45,2,5680,5731,162,5,678
1276,3695363.0,3695905.0,26.10206865625,586931,3,38,1,0,42,0,0,681
1277,3695323.0,3695906.0,26.1014343375,585737,0,39,2,1195,1236,33,1,679
1278,3695293.0,3695893.0,26.10119711875,581138,0,46,5,5784,5835,162,5,677
1279,3695313.0,3695893.0,26.1014012125,583332,0,36,2,3603,3641,97,3,664
1280,3695309.0,3695886.0,26.1011083125,571166,0,39,0,15768,15807,461,14,651
1281,3695297.0,3695876.0,26.10117804375,585838,0,68,0,1067,1135,33,1,670
1282,3695363.0,3695905.0,26.10206865625,586924,0,47,2,0,49,0,0,674
1283,3695363.0,3695905.0,26.10206865625,586933,1,37,2,0,40,0,0,689
1284,3695336.0,3695905.0,26.10132050625,581208,0,51,3,5711,5765,162,5,670
1285,3695363.0,3695905.0,26.10206865625,586939,0,34,0,0,34,0,0,647
1287,3695314.0,3695891.0,26.10093354375,583426,0,46,1,3500,3547,97,3,653
1288,3695331.0,3695900.0,26.1012675625,576532,0,44,1,10396,10441,294,9,661
1289,3695363.0,3695905.0,26.10206865625,586912,0,60,1,0,61,0,0,649
1290,3695338.0,3695898.0,26.10137093125,583315,3,50,3,3602,3658,97,3,680
1291,3695314.0,3695896.0,26.10107575,572078,3,38,0,14854,14895,427,13,652
1292,3695323.0,3695906.0,26.101286175,571784,0,40,3,15146,15189,427,13,636
1293,3695363.0,3695905.0,26.10206865625,586911,0,60,2,0,62,0,0,696
1294,3695363.0,3695905.0,26.10206865625,586906,1,66,0,0,67,0,0,708
1295,3695286.0,3695902.0,26.1010792375,580904,1,42,1,6025,6069,162,5,679
1296,3695300.0,3695878.0,26.1011384625,584688,0,51,0,2234,2285,65,2,687
1297,3695363.0,3695905.0,26.10206865625,586919,0,52,2,0,54,0,0,684
1298,3695363.0,3695905.0,26.10206865625,586938,0,33,2,0,35,0,0,681
1299,3695363.0,3695905.0,26.10206865625,586914,0,58,1,0,59,0,0,684
1300,3695363.0,3695905.0,26.10206865625,586914,0,57,2,0,59,0,0,706
1301,3695258.0,3695863.0,26.1010634875,576553,0,48,3,10369,10420,294,9,640
1302,3695316.0,3695891.0,26.10102760625,577879,0,44,0,9050,9094,261,8,644
1303,3695324.0,3695892.0,26.10129880625,582120,1,41,2,4809,4853,130,4,669
1304,3695339.0,3695894.0,26.10123514375,581173,0,42,1,5757,5800,162,5,669
1305,3695363.0,3695905.0,26.10206865625,586927,1,43,2,0,46,0,0,702
1306,3695333.0,3695901.0,26.1014261125,582338,0,58,1,4576,4635,130,4,663
1307,3695269.0,3695893.0,26.10091675,571079,3,48,1,15842,15894,461,14,701
1308,3695317.0,3695906.0,26.10120141875,578676,0,37,0,8260,8297,228,7,672
1309,3695363.0,3695905.0,26.10206865625,586931,0,41,1,0,42,0,0,665
1310,3695363.0,3695905.0,26.10206865625,586922,0,50,1,0,51,0,0,692
1311,3695258.0,3695906.0,26.1012815125,574180,0,42,3,12748,12793,360,11,666
1312,3695290.0,3695905.0,26.10132194375,576660,0,61,1,10251,10313,294,9,699
1313,3695323.0,3695886.0,26.1011746,575343,0,43,2,11585,11630,327,10,678
1314,3695363.0,3695905.0,26.10206865625,586910,1,59,3,0,63,0,0,681
1315,3695363.0,3695905.0,26.10206865625,586927,1,43,2,0,46,0,0,685
1316,3695315.0,3695901.0,26.10101245625,585689,0,37,3,1244,1284,33,1,685
1317,3695334.0,3695890.0,26.10134411875,578825,0,48,2,8098,8148,228,7,681
1318,3695301.0,3695896.0,26.10105025,575009,0,70,0,11894,11964,327,10,651
1319,3695329.0,3695899.0,26.1010623,578928,0,52,2,7991,8045,228,7,667
1320,3695350.0,3695894.0,26.10134243125,576451,0,49,0,10473,10522,294,9,639
1321,3695342.0,3695906.0,26.101410981249998,584667,0,52,2,2252,2306,65,2,668
1322,3695363.0,3695905.0,26.10206865625,586935,0,37,1,0,38,0,0,662
1323,3695363.0,3695905.0,26.10206865625,586915,0,56,2,0,58,0,0,693
1324,3695292.0,3695874.0,26.1011126125,580141,2,28,2,6800,6832,195,6,674
1325,3695288.0,3695893.0,26.1010830375,580014,2,48,0,6909,6959,195,6,687
1326,3695344.0,3695903.0,26.10154319375,580985,1,41,1,5945,5988,162,5,690
1327,3695295.0,3695883.0,26.10113275625,582379,0,57,0,4537,4594,130,4,671
1328,3695331.0,3695899.0,26.1012450375,577681,1,41,3,9247,9292,261,8,669
1329,3695363.0,3695905.0,26.10206865625,586942,0,31,0,0,31,0,0,676
1330,3695315.0,3695899.0,26.1011269,577712,2,41,3,9215,9261,261,8,661
1331,3695363.0,3695905.0,26.10206865625,586922,0,50,1,0,51,0,0,686
1332,3695300.0,3695883.0,26.10128283125,580071,0,37,1,6864,6902,195,6,647
1333,3695363.0,3695905.0,26.10206865625,586934,3,36,0,0,39,0,0,699
1334,3695327.0,3695897.0,26.1009663375,585712,0,50,0,1211,1261,33,1,669
1335,3695322.0,3695898.0,26.1012218,585751,1,46,2,1173,1222,33,1,723
